[2026-09-18 15:41:03] local.ERROR: The /var/www/html/bootstrap/cache directory must be present and writable. {"exception":"[object] (Exception(code: 0): The /var/www/html/bootstrap/cache directory must be present and writable. at /var/www/html/vendor/laravel/framework/src/Illuminate/Foundation/PackageManifest.php:179)
[stacktrace]
#0 /var/www/html/vendor/laravel/framework/src/Illuminate/Foundation/PackageManifest.php(132): Illuminate\\Foundation\\PackageManifest->write(Array)
#1 /var/www/html/vendor/laravel/framework/src/Illuminate/Foundation/PackageManifest.php(108): Illuminate\\Foundation\\PackageManifest->build()
#2 /var/www/html/vendor/laravel/framework/src/Illuminate/Foundation/PackageManifest.php(90): Illuminate\\Foundation\\PackageManifest->getManifest()
#3 /var/www/html/vendor/laravel/framework/src/Illuminate/Foundation/PackageManifest.php(79): Illuminate\\Foundation\\PackageManifest->config('aliases')
#4 /var/www/html/vendor/laravel/framework/src/Illuminate/Foundation/Bootstrap/RegisterFacades.php(26): Illuminate\\Foundation\\PackageManifest->aliases()
#5 /var/www/html/vendor/laravel/framework/src/Illuminate/Foundation/Application.php(342): Illuminate\\Foundation\\Bootstrap\\RegisterFacades->bootstrap(Object(Illuminate\\Foundation\\Application))
#6 /var/www/html/vendor/laravel/framework/src/Illuminate/Foundation/Http/Kernel.php(186): Illuminate\\Foundation\\Application->bootstrapWith(Array)
#7 /var/www/html/vendor/laravel/framework/src/Illuminate/Foundation/Http/Kernel.php(170): Illuminate\\Foundation\\Http\\Kernel->bootstrap()
#8 /var/www/html/vendor/laravel/framework/src/Illuminate/Foundation/Http/Kernel.php(144): Illuminate\\Foundation\\Http\\Kernel->sendRequestThroughRouter(Object(Illuminate\\Http\\Request))
#9 /var/www/html/vendor/laravel/framework/src/Illuminate/Foundation/Application.php(1220): Illuminate\\Foundation\\Http\\Kernel->handle(Object(Illuminate\\Http\\Request))
#10 /var/www/html/public/index.php(13): Illuminate\\Foundation\\Application->handleRequest(Object(Illuminate\\Http\\Request))
#11 {main}
"} 
[2026-09-18 15:41:03] local.ERROR: Target class [view] does not exist. {"exception":"[object] (Illuminate\\Contracts\\Container\\BindingResolutionException(code: 0): Target class [view] does not exist. at /var/www/html/vendor/laravel/framework/src/Illuminate/Container/Container.php:1124)
[stacktrace]
#0 /var/www/html/vendor/laravel/framework/src/Illuminate/Container/Container.php(933): Illuminate\\Container\\Container->build('view')
#1 /var/www/html/vendor/laravel/framework/src/Illuminate/Foundation/Application.php(1078): Illuminate\\Container\\Container->resolve('view', Array, true)
#2 /var/www/html/vendor/laravel/framework/src/Illuminate/Container/Container.php(864): Illuminate\\Foundation\\Application->resolve('view', Array)
#3 /var/www/html/vendor/laravel/framework/src/Illuminate/Foundation/Application.php(1058): Illuminate\\Container\\Container->make('view', Array)
#4 /var/www/html/vendor/laravel/framework/src/Illuminate/Container/Container.php(1805): Illuminate\\Foundation\\Application->make('view')
#5 /var/www/html/vendor/laravel/framework/src/Illuminate/Routing/RoutingServiceProvider.php(177): Illuminate\\Container\\Container->offsetGet('Illuminate\\\\Cont...')
#6 /var/www/html/vendor/laravel/framework/src/Illuminate/Container/Container.php(1115): Illuminate\\Routing\\RoutingServiceProvider->Illuminate\\Routing\\{closure}(Object(Illuminate\\Foundation\\Application), Array)
#7 /var/www/html/vendor/laravel/framework/src/Illuminate/Container/Container.php(933): Illuminate\\Container\\Container->build(Object(Closure))
#8 /var/www/html/vendor/laravel/framework/src/Illuminate/Foundation/Application.php(1078): Illuminate\\Container\\Container->resolve('Illuminate\\\\Cont...', Array, true)
#9 /var/www/html/vendor/laravel/framework/src/Illuminate/Container/Container.php(864): Illuminate\\Foundation\\Application->resolve('Illuminate\\\\Cont...', Array)
#10 /var/www/html/vendor/laravel/framework/src/Illuminate/Foundation/Application.php(1058): Illuminate\\Container\\Container->make('Illuminate\\\\Cont...', Array)
#11 /var/www/html/vendor/laravel/framework/src/Illuminate/Foundation/helpers.php(138): Illuminate\\Foundation\\Application->make('Illuminate\\\\Cont...', Array)
#12 /var/www/html/vendor/laravel/framework/src/Illuminate/Foundation/helpers.php(850): app('Illuminate\\\\Cont...')
#13 /var/www/html/bootstrap/app.php(28): response()
#14 /var/www/html/vendor/laravel/framework/src/Illuminate/Foundation/Exceptions/Handler.php(717): {closure}(Object(Exception), Object(Illuminate\\Http\\Request))
#15 /var/www/html/vendor/laravel/framework/src/Illuminate/Foundation/Exceptions/Handler.php(618): Illuminate\\Foundation\\Exceptions\\Handler->renderViaCallbacks(Object(Illuminate\\Http\\Request), Object(Exception))
#16 /var/www/html/vendor/laravel/framework/src/Illuminate/Foundation/Http/Kernel.php(574): Illuminate\\Foundation\\Exceptions\\Handler->render(Object(Illuminate\\Http\\Request), Object(Exception))
#17 /var/www/html/vendor/laravel/framework/src/Illuminate/Foundation/Http/Kernel.php(148): Illuminate\\Foundation\\Http\\Kernel->renderException(Object(Illuminate\\Http\\Request), Object(Exception))
#18 /var/www/html/vendor/laravel/framework/src/Illuminate/Foundation/Application.php(1220): Illuminate\\Foundation\\Http\\Kernel->handle(Object(Illuminate\\Http\\Request))
#19 /var/www/html/public/index.php(13): Illuminate\\Foundation\\Application->handleRequest(Object(Illuminate\\Http\\Request))
#20 {main}

[previous exception] [object] (ReflectionException(code: -1): Class \"view\" does not exist at /var/www/html/vendor/laravel/framework/src/Illuminate/Container/Container.php:1122)
[stacktrace]
#0 /var/www/html/vendor/laravel/framework/src/Illuminate/Container/Container.php(1122): ReflectionClass->__construct('view')
#1 /var/www/html/vendor/laravel/framework/src/Illuminate/Container/Container.php(933): Illuminate\\Container\\Container->build('view')
#2 /var/www/html/vendor/laravel/framework/src/Illuminate/Foundation/Application.php(1078): Illuminate\\Container\\Container->resolve('view', Array, true)
#3 /var/www/html/vendor/laravel/framework/src/Illuminate/Container/Container.php(864): Illuminate\\Foundation\\Application->resolve('view', Array)
#4 /var/www/html/vendor/laravel/framework/src/Illuminate/Foundation/Application.php(1058): Illuminate\\Container\\Container->make('view', Array)
#5 /var/www/html/vendor/laravel/framework/src/Illuminate/Container/Container.php(1805): Illuminate\\Foundation\\Application->make('view')
#6 /var/www/html/vendor/laravel/framework/src/Illuminate/Routing/RoutingServiceProvider.php(177): Illuminate\\Container\\Container->offsetGet('Illuminate\\\\Cont...')
#7 /var/www/html/vendor/laravel/framework/src/Illuminate/Container/Container.php(1115): Illuminate\\Routing\\RoutingServiceProvider->Illuminate\\Routing\\{closure}(Object(Illuminate\\Foundation\\Application), Array)
#8 /var/www/html/vendor/laravel/framework/src/Illuminate/Container/Container.php(933): Illuminate\\Container\\Container->build(Object(Closure))
#9 /var/www/html/vendor/laravel/framework/src/Illuminate/Foundation/Application.php(1078): Illuminate\\Container\\Container->resolve('Illuminate\\\\Cont...', Array, true)
#10 /var/www/html/vendor/laravel/framework/src/Illuminate/Container/Container.php(864): Illuminate\\Foundation\\Application->resolve('Illuminate\\\\Cont...', Array)
#11 /var/www/html/vendor/laravel/framework/src/Illuminate/Foundation/Application.php(1058): Illuminate\\Container\\Container->make('Illuminate\\\\Cont...', Array)
#12 /var/www/html/vendor/laravel/framework/src/Illuminate/Foundation/helpers.php(138): Illuminate\\Foundation\\Application->make('Illuminate\\\\Cont...', Array)
#13 /var/www/html/vendor/laravel/framework/src/Illuminate/Foundation/helpers.php(850): app('Illuminate\\\\Cont...')
#14 /var/www/html/bootstrap/app.php(28): response()
#15 /var/www/html/vendor/laravel/framework/src/Illuminate/Foundation/Exceptions/Handler.php(717): {closure}(Object(Exception), Object(Illuminate\\Http\\Request))
#16 /var/www/html/vendor/laravel/framework/src/Illuminate/Foundation/Exceptions/Handler.php(618): Illuminate\\Foundation\\Exceptions\\Handler->renderViaCallbacks(Object(Illuminate\\Http\\Request), Object(Exception))
#17 /var/www/html/vendor/laravel/framework/src/Illuminate/Foundation/Http/Kernel.php(574): Illuminate\\Foundation\\Exceptions\\Handler->render(Object(Illuminate\\Http\\Request), Object(Exception))
#18 /var/www/html/vendor/laravel/framework/src/Illuminate/Foundation/Http/Kernel.php(148): Illuminate\\Foundation\\Http\\Kernel->renderException(Object(Illuminate\\Http\\Request), Object(Exception))
#19 /var/www/html/vendor/laravel/framework/src/Illuminate/Foundation/Application.php(1220): Illuminate\\Foundation\\Http\\Kernel->handle(Object(Illuminate\\Http\\Request))
#20 /var/www/html/public/index.php(13): Illuminate\\Foundation\\Application->handleRequest(Object(Illuminate\\Http\\Request))
#21 {main}
"} 
[2026-09-18 15:41:03] local.ERROR: Uncaught ReflectionException: Class "view" does not exist in /var/www/html/vendor/laravel/framework/src/Illuminate/Container/Container.php:1122
Stack trace:
#0 /var/www/html/vendor/laravel/framework/src/Illuminate/Container/Container.php(1122): ReflectionClass->__construct('view')
#1 /var/www/html/vendor/laravel/framework/src/Illuminate/Container/Container.php(933): Illuminate\Container\Container->build('view')
#2 /var/www/html/vendor/laravel/framework/src/Illuminate/Foundation/Application.php(1078): Illuminate\Container\Container->resolve('view', Array, true)
#3 /var/www/html/vendor/laravel/framework/src/Illuminate/Container/Container.php(864): Illuminate\Foundation\Application->resolve('view', Array)
#4 /var/www/html/vendor/laravel/framework/src/Illuminate/Foundation/Application.php(1058): Illuminate\Container\Container->make('view', Array)
#5 /var/www/html/vendor/laravel/framework/src/Illuminate/Container/Container.php(1805): Illuminate\Foundation\Application->make('view')
#6 /var/www/html/vendor/laravel/framework/src/Illuminate/Routing/RoutingServiceProvider.php(177): Illuminate\Container\Container->offsetGet('Illuminate\\Cont...')
#7 /var/www/html/vendor/laravel/framework/src/Illuminate/Container/Container.php(1115): Illuminate\Routing\RoutingServiceProvider->Illuminate\Routing\{closure}(Object(Illuminate\Foundation\Application), Array)
#8 /var/www/html/vendor/laravel/framework/src/Illuminate/Container/Container.php(933): Illuminate\Container\Container->build(Object(Closure))
#9 /var/www/html/vendor/laravel/framework/src/Illuminate/Foundation/Application.php(1078): Illuminate\Container\Container->resolve('Illuminate\\Cont...', Array, true)
#10 /var/www/html/vendor/laravel/framework/src/Illuminate/Container/Container.php(864): Illuminate\Foundation\Application->resolve('Illuminate\\Cont...', Array)
#11 /var/www/html/vendor/laravel/framework/src/Illuminate/Foundation/Application.php(1058): Illuminate\Container\Container->make('Illuminate\\Cont...', Array)
#12 /var/www/html/vendor/laravel/framework/src/Illuminate/Foundation/helpers.php(138): Illuminate\Foundation\Application->make('Illuminate\\Cont...', Array)
#13 /var/www/html/vendor/laravel/framework/src/Illuminate/Foundation/helpers.php(850): app('Illuminate\\Cont...')
#14 /var/www/html/bootstrap/app.php(28): response()
#15 /var/www/html/vendor/laravel/framework/src/Illuminate/Foundation/Exceptions/Handler.php(717): {closure}(Object(Illuminate\Contracts\Container\BindingResolutionException), Object(Illuminate\Http\Request))
#16 /var/www/html/vendor/laravel/framework/src/Illuminate/Foundation/Exceptions/Handler.php(618): Illuminate\Foundation\Exceptions\Handler->renderViaCallbacks(Object(Illuminate\Http\Request), Object(Illuminate\Contracts\Container\BindingResolutionException))
#17 /var/www/html/vendor/laravel/framework/src/Illuminate/Foundation/Bootstrap/HandleExceptions.php(225): Illuminate\Foundation\Exceptions\Handler->render(Object(Illuminate\Http\Request), Object(Illuminate\Contracts\Container\BindingResolutionException))
#18 /var/www/html/vendor/laravel/framework/src/Illuminate/Foundation/Bootstrap/HandleExceptions.php(202): Illuminate\Foundation\Bootstrap\HandleExceptions->renderHttpResponse(Object(Illuminate\Contracts\Container\BindingResolutionException))
#19 /var/www/html/vendor/laravel/framework/src/Illuminate/Foundation/Bootstrap/HandleExceptions.php(262): Illuminate\Foundation\Bootstrap\HandleExceptions->handleException(Object(Illuminate\Contracts\Container\BindingResolutionException))
#20 [internal function]: Illuminate\Foundation\Bootstrap\HandleExceptions->Illuminate\Foundation\Bootstrap\{closure}(Object(Illuminate\Contracts\Container\BindingResolutionException))
#21 {main}

Next Illuminate\Contracts\Container\BindingResolutionException: Target class [view] does not exist. in /var/www/html/vendor/laravel/framework/src/Illuminate/Container/Container.php:1124
Stack trace:
#0 /var/www/html/vendor/laravel/framework/src/Illuminate/Container/Container.php(933): Illuminate\Container\Container->build('view')
#1 /var/www/html/vendor/laravel/framework/src/Illuminate/Foundation/Application.php(1078): Illuminate\Container\Container->resolve('view', Array, true)
#2 /var/www/html/vendor/laravel/framework/src/Illuminate/Container/Container.php(864): Illuminate\Foundation\Application->resolve('view', Array)
#3 /var/www/html/vendor/laravel/framework/src/Illuminate/Foundation/Application.php(1058): Illuminate\Container\Container->make('view', Array)
#4 /var/www/html/vendor/laravel/framework/src/Illuminate/Container/Container.php(1805): Illuminate\Foundation\Application->make('view')
#5 /var/www/html/vendor/laravel/framework/src/Illuminate/Routing/RoutingServiceProvider.php(177): Illuminate\Container\Container->offsetGet('Illuminate\\Cont...')
#6 /var/www/html/vendor/laravel/framework/src/Illuminate/Container/Container.php(1115): Illuminate\Routing\RoutingServiceProvider->Illuminate\Routing\{closure}(Object(Illuminate\Foundation\Application), Array)
#7 /var/www/html/vendor/laravel/framework/src/Illuminate/Container/Container.php(933): Illuminate\Container\Container->build(Object(Closure))
#8 /var/www/html/vendor/laravel/framework/src/Illuminate/Foundation/Application.php(1078): Illuminate\Container\Container->resolve('Illuminate\\Cont...', Array, true)
#9 /var/www/html/vendor/laravel/framework/src/Illuminate/Container/Container.php(864): Illuminate\Foundation\Application->resolve('Illuminate\\Cont...', Array)
#10 /var/www/html/vendor/laravel/framework/src/Illuminate/Foundation/Application.php(1058): Illuminate\Container\Container->make('Illuminate\\Cont...', Array)
#11 /var/www/html/vendor/laravel/framework/src/Illuminate/Foundation/helpers.php(138): Illuminate\Foundation\Application->make('Illuminate\\Cont...', Array)
#12 /var/www/html/vendor/laravel/framework/src/Illuminate/Foundation/helpers.php(850): app('Illuminate\\Cont...')
#13 /var/www/html/bootstrap/app.php(28): response()
#14 /var/www/html/vendor/laravel/framework/src/Illuminate/Foundation/Exceptions/Handler.php(717): {closure}(Object(Illuminate\Contracts\Container\BindingResolutionException), Object(Illuminate\Http\Request))
#15 /var/www/html/vendor/laravel/framework/src/Illuminate/Foundation/Exceptions/Handler.php(618): Illuminate\Foundation\Exceptions\Handler->renderViaCallbacks(Object(Illuminate\Http\Request), Object(Illuminate\Contracts\Container\BindingResolutionException))
#16 /var/www/html/vendor/laravel/framework/src/Illuminate/Foundation/Bootstrap/HandleExceptions.php(225): Illuminate\Foundation\Exceptions\Handler->render(Object(Illuminate\Http\Request), Object(Illuminate\Contracts\Container\BindingResolutionException))
#17 /var/www/html/vendor/laravel/framework/src/Illuminate/Foundation/Bootstrap/HandleExceptions.php(202): Illuminate\Foundation\Bootstrap\HandleExceptions->renderHttpResponse(Object(Illuminate\Contracts\Container\BindingResolutionException))
#18 /var/www/html/vendor/laravel/framework/src/Illuminate/Foundation/Bootstrap/HandleExceptions.php(262): Illuminate\Foundation\Bootstrap\HandleExceptions->handleException(Object(Illuminate\Contracts\Container\BindingResolutionException))
#19 [internal function]: Illuminate\Foundation\Bootstrap\HandleExceptions->Illuminate\Foundation\Bootstrap\{closure}(Object(Illuminate\Contracts\Container\BindingResolutionException))
#20 {main}
  thrown {"exception":"[object] (Symfony\\Component\\ErrorHandler\\Error\\FatalError(code: 0): Uncaught ReflectionException: Class \"view\" does not exist in /var/www/html/vendor/laravel/framework/src/Illuminate/Container/Container.php:1122
Stack trace:
#0 /var/www/html/vendor/laravel/framework/src/Illuminate/Container/Container.php(1122): ReflectionClass->__construct('view')
#1 /var/www/html/vendor/laravel/framework/src/Illuminate/Container/Container.php(933): Illuminate\\Container\\Container->build('view')
#2 /var/www/html/vendor/laravel/framework/src/Illuminate/Foundation/Application.php(1078): Illuminate\\Container\\Container->resolve('view', Array, true)
#3 /var/www/html/vendor/laravel/framework/src/Illuminate/Container/Container.php(864): Illuminate\\Foundation\\Application->resolve('view', Array)
#4 /var/www/html/vendor/laravel/framework/src/Illuminate/Foundation/Application.php(1058): Illuminate\\Container\\Container->make('view', Array)
#5 /var/www/html/vendor/laravel/framework/src/Illuminate/Container/Container.php(1805): Illuminate\\Foundation\\Application->make('view')
#6 /var/www/html/vendor/laravel/framework/src/Illuminate/Routing/RoutingServiceProvider.php(177): Illuminate\\Container\\Container->offsetGet('Illuminate\\\\Cont...')
#7 /var/www/html/vendor/laravel/framework/src/Illuminate/Container/Container.php(1115): Illuminate\\Routing\\RoutingServiceProvider->Illuminate\\Routing\\{closure}(Object(Illuminate\\Foundation\\Application), Array)
#8 /var/www/html/vendor/laravel/framework/src/Illuminate/Container/Container.php(933): Illuminate\\Container\\Container->build(Object(Closure))
#9 /var/www/html/vendor/laravel/framework/src/Illuminate/Foundation/Application.php(1078): Illuminate\\Container\\Container->resolve('Illuminate\\\\Cont...', Array, true)
#10 /var/www/html/vendor/laravel/framework/src/Illuminate/Container/Container.php(864): Illuminate\\Foundation\\Application->resolve('Illuminate\\\\Cont...', Array)
#11 /var/www/html/vendor/laravel/framework/src/Illuminate/Foundation/Application.php(1058): Illuminate\\Container\\Container->make('Illuminate\\\\Cont...', Array)
#12 /var/www/html/vendor/laravel/framework/src/Illuminate/Foundation/helpers.php(138): Illuminate\\Foundation\\Application->make('Illuminate\\\\Cont...', Array)
#13 /var/www/html/vendor/laravel/framework/src/Illuminate/Foundation/helpers.php(850): app('Illuminate\\\\Cont...')
#14 /var/www/html/bootstrap/app.php(28): response()
#15 /var/www/html/vendor/laravel/framework/src/Illuminate/Foundation/Exceptions/Handler.php(717): {closure}(Object(Illuminate\\Contracts\\Container\\BindingResolutionException), Object(Illuminate\\Http\\Request))
#16 /var/www/html/vendor/laravel/framework/src/Illuminate/Foundation/Exceptions/Handler.php(618): Illuminate\\Foundation\\Exceptions\\Handler->renderViaCallbacks(Object(Illuminate\\Http\\Request), Object(Illuminate\\Contracts\\Container\\BindingResolutionException))
#17 /var/www/html/vendor/laravel/framework/src/Illuminate/Foundation/Bootstrap/HandleExceptions.php(225): Illuminate\\Foundation\\Exceptions\\Handler->render(Object(Illuminate\\Http\\Request), Object(Illuminate\\Contracts\\Container\\BindingResolutionException))
#18 /var/www/html/vendor/laravel/framework/src/Illuminate/Foundation/Bootstrap/HandleExceptions.php(202): Illuminate\\Foundation\\Bootstrap\\HandleExceptions->renderHttpResponse(Object(Illuminate\\Contracts\\Container\\BindingResolutionException))
#19 /var/www/html/vendor/laravel/framework/src/Illuminate/Foundation/Bootstrap/HandleExceptions.php(262): Illuminate\\Foundation\\Bootstrap\\HandleExceptions->handleException(Object(Illuminate\\Contracts\\Container\\BindingResolutionException))
#20 [internal function]: Illuminate\\Foundation\\Bootstrap\\HandleExceptions->Illuminate\\Foundation\\Bootstrap\\{closure}(Object(Illuminate\\Contracts\\Container\\BindingResolutionException))
#21 {main}

Next Illuminate\\Contracts\\Container\\BindingResolutionException: Target class [view] does not exist. in /var/www/html/vendor/laravel/framework/src/Illuminate/Container/Container.php:1124
Stack trace:
#0 /var/www/html/vendor/laravel/framework/src/Illuminate/Container/Container.php(933): Illuminate\\Container\\Container->build('view')
#1 /var/www/html/vendor/laravel/framework/src/Illuminate/Foundation/Application.php(1078): Illuminate\\Container\\Container->resolve('view', Array, true)
#2 /var/www/html/vendor/laravel/framework/src/Illuminate/Container/Container.php(864): Illuminate\\Foundation\\Application->resolve('view', Array)
#3 /var/www/html/vendor/laravel/framework/src/Illuminate/Foundation/Application.php(1058): Illuminate\\Container\\Container->make('view', Array)
#4 /var/www/html/vendor/laravel/framework/src/Illuminate/Container/Container.php(1805): Illuminate\\Foundation\\Application->make('view')
#5 /var/www/html/vendor/laravel/framework/src/Illuminate/Routing/RoutingServiceProvider.php(177): Illuminate\\Container\\Container->offsetGet('Illuminate\\\\Cont...')
#6 /var/www/html/vendor/laravel/framework/src/Illuminate/Container/Container.php(1115): Illuminate\\Routing\\RoutingServiceProvider->Illuminate\\Routing\\{closure}(Object(Illuminate\\Foundation\\Application), Array)
#7 /var/www/html/vendor/laravel/framework/src/Illuminate/Container/Container.php(933): Illuminate\\Container\\Container->build(Object(Closure))
#8 /var/www/html/vendor/laravel/framework/src/Illuminate/Foundation/Application.php(1078): Illuminate\\Container\\Container->resolve('Illuminate\\\\Cont...', Array, true)
#9 /var/www/html/vendor/laravel/framework/src/Illuminate/Container/Container.php(864): Illuminate\\Foundation\\Application->resolve('Illuminate\\\\Cont...', Array)
#10 /var/www/html/vendor/laravel/framework/src/Illuminate/Foundation/Application.php(1058): Illuminate\\Container\\Container->make('Illuminate\\\\Cont...', Array)
#11 /var/www/html/vendor/laravel/framework/src/Illuminate/Foundation/helpers.php(138): Illuminate\\Foundation\\Application->make('Illuminate\\\\Cont...', Array)
#12 /var/www/html/vendor/laravel/framework/src/Illuminate/Foundation/helpers.php(850): app('Illuminate\\\\Cont...')
#13 /var/www/html/bootstrap/app.php(28): response()
#14 /var/www/html/vendor/laravel/framework/src/Illuminate/Foundation/Exceptions/Handler.php(717): {closure}(Object(Illuminate\\Contracts\\Container\\BindingResolutionException), Object(Illuminate\\Http\\Request))
#15 /var/www/html/vendor/laravel/framework/src/Illuminate/Foundation/Exceptions/Handler.php(618): Illuminate\\Foundation\\Exceptions\\Handler->renderViaCallbacks(Object(Illuminate\\Http\\Request), Object(Illuminate\\Contracts\\Container\\BindingResolutionException))
#16 /var/www/html/vendor/laravel/framework/src/Illuminate/Foundation/Bootstrap/HandleExceptions.php(225): Illuminate\\Foundation\\Exceptions\\Handler->render(Object(Illuminate\\Http\\Request), Object(Illuminate\\Contracts\\Container\\BindingResolutionException))
#17 /var/www/html/vendor/laravel/framework/src/Illuminate/Foundation/Bootstrap/HandleExceptions.php(202): Illuminate\\Foundation\\Bootstrap\\HandleExceptions->renderHttpResponse(Object(Illuminate\\Contracts\\Container\\BindingResolutionException))
#18 /var/www/html/vendor/laravel/framework/src/Illuminate/Foundation/Bootstrap/HandleExceptions.php(262): Illuminate\\Foundation\\Bootstrap\\HandleExceptions->handleException(Object(Illuminate\\Contracts\\Container\\BindingResolutionException))
#19 [internal function]: Illuminate\\Foundation\\Bootstrap\\HandleExceptions->Illuminate\\Foundation\\Bootstrap\\{closure}(Object(Illuminate\\Contracts\\Container\\BindingResolutionException))
#20 {main}
  thrown at /var/www/html/vendor/laravel/framework/src/Illuminate/Container/Container.php:1124)
[stacktrace]
#0 {main}
"} 
[2026-09-18 15:41:13] local.ERROR: The /var/www/html/bootstrap/cache directory must be present and writable. {"exception":"[object] (Exception(code: 0): The /var/www/html/bootstrap/cache directory must be present and writable. at /var/www/html/vendor/laravel/framework/src/Illuminate/Foundation/PackageManifest.php:179)
[stacktrace]
#0 /var/www/html/vendor/laravel/framework/src/Illuminate/Foundation/PackageManifest.php(132): Illuminate\\Foundation\\PackageManifest->write(Array)
#1 /var/www/html/vendor/laravel/framework/src/Illuminate/Foundation/PackageManifest.php(108): Illuminate\\Foundation\\PackageManifest->build()
#2 /var/www/html/vendor/laravel/framework/src/Illuminate/Foundation/PackageManifest.php(90): Illuminate\\Foundation\\PackageManifest->getManifest()
#3 /var/www/html/vendor/laravel/framework/src/Illuminate/Foundation/PackageManifest.php(79): Illuminate\\Foundation\\PackageManifest->config('aliases')
#4 /var/www/html/vendor/laravel/framework/src/Illuminate/Foundation/Bootstrap/RegisterFacades.php(26): Illuminate\\Foundation\\PackageManifest->aliases()
#5 /var/www/html/vendor/laravel/framework/src/Illuminate/Foundation/Application.php(342): Illuminate\\Foundation\\Bootstrap\\RegisterFacades->bootstrap(Object(Illuminate\\Foundation\\Application))
#6 /var/www/html/vendor/laravel/framework/src/Illuminate/Foundation/Console/Kernel.php(494): Illuminate\\Foundation\\Application->bootstrapWith(Array)
#7 /var/www/html/vendor/laravel/framework/src/Illuminate/Foundation/Console/Kernel.php(196): Illuminate\\Foundation\\Console\\Kernel->bootstrap()
#8 /var/www/html/vendor/laravel/framework/src/Illuminate/Foundation/Application.php(1235): Illuminate\\Foundation\\Console\\Kernel->handle(Object(Symfony\\Component\\Console\\Input\\ArgvInput), Object(Symfony\\Component\\Console\\Output\\ConsoleOutput))
#9 /var/www/html/artisan(13): Illuminate\\Foundation\\Application->handleCommand(Object(Symfony\\Component\\Console\\Input\\ArgvInput))
#10 {main}
"} 
[2026-09-18 15:41:21] local.ERROR: Class "App\Http\Controllers\Controller" not found {"exception":"[object] (Error(code: 0): Class \"App\\Http\\Controllers\\Controller\" not found at /var/www/html/app/Http/Controllers/HealthController.php:7)
[stacktrace]
#0 /var/www/html/vendor/composer/ClassLoader.php(576): include()
#1 /var/www/html/vendor/composer/ClassLoader.php(427): Composer\\Autoload\\{closure}('/var/www/html/v...')
#2 [internal function]: Composer\\Autoload\\ClassLoader->loadClass('App\\\\Http\\\\Contro...')
#3 /var/www/html/vendor/laravel/framework/src/Illuminate/Routing/RouteAction.php(91): method_exists('App\\\\Http\\\\Contro...', '__invoke')
#4 /var/www/html/vendor/laravel/framework/src/Illuminate/Routing/RouteAction.php(47): Illuminate\\Routing\\RouteAction::makeInvokable('App\\\\Http\\\\Contro...')
#5 /var/www/html/vendor/laravel/framework/src/Illuminate/Routing/Route.php(197): Illuminate\\Routing\\RouteAction::parse('api/health', Array)
#6 /var/www/html/vendor/laravel/framework/src/Illuminate/Routing/Route.php(178): Illuminate\\Routing\\Route->parseAction(Array)
#7 /var/www/html/vendor/laravel/framework/src/Illuminate/Routing/Router.php(685): Illuminate\\Routing\\Route->__construct(Array, 'api/health', Array)
#8 /var/www/html/vendor/laravel/framework/src/Illuminate/Routing/Router.php(576): Illuminate\\Routing\\Router->newRoute(Array, 'api/health', Array)
#9 /var/www/html/vendor/laravel/framework/src/Illuminate/Routing/Router.php(556): Illuminate\\Routing\\Router->createRoute(Array, '/health', Array)
#10 /var/www/html/vendor/laravel/framework/src/Illuminate/Routing/Router.php(160): Illuminate\\Routing\\Router->addRoute(Array, '/health', 'App\\\\Http\\\\Contro...')
#11 /var/www/html/vendor/laravel/framework/src/Illuminate/Support/Facades/Facade.php(363): Illuminate\\Routing\\Router->get('/health', 'App\\\\Http\\\\Contro...')
#12 /var/www/html/routes/api.php(10): Illuminate\\Support\\Facades\\Facade::__callStatic('get', Array)
#13 /var/www/html/vendor/laravel/framework/src/Illuminate/Routing/Router.php(524): Illuminate\\Routing\\RouteFileRegistrar->{closure}(Object(Illuminate\\Routing\\Router))
#14 /var/www/html/vendor/laravel/framework/src/Illuminate/Routing/Router.php(480): Illuminate\\Routing\\Router->loadRoutes(Object(Closure))
#15 /var/www/html/vendor/laravel/framework/src/Illuminate/Routing/RouteRegistrar.php(212): Illuminate\\Routing\\Router->group(Array, Object(Closure))
#16 /var/www/html/routes/api.php(8): Illuminate\\Routing\\RouteRegistrar->group(Object(Closure))
#17 /var/www/html/vendor/laravel/framework/src/Illuminate/Routing/RouteFileRegistrar.php(34): require('/var/www/html/r...')
#18 /var/www/html/vendor/laravel/framework/src/Illuminate/Routing/Router.php(526): Illuminate\\Routing\\RouteFileRegistrar->register('/var/www/html/b...')
#19 /var/www/html/vendor/laravel/framework/src/Illuminate/Routing/Router.php(480): Illuminate\\Routing\\Router->loadRoutes('/var/www/html/b...')
#20 /var/www/html/vendor/laravel/framework/src/Illuminate/Routing/RouteRegistrar.php(212): Illuminate\\Routing\\Router->group(Array, '/var/www/html/b...')
#21 /var/www/html/vendor/laravel/framework/src/Illuminate/Foundation/Configuration/ApplicationBuilder.php(214): Illuminate\\Routing\\RouteRegistrar->group('/var/www/html/b...')
#22 /var/www/html/vendor/laravel/framework/src/Illuminate/Container/BoundMethod.php(36): Illuminate\\Foundation\\Configuration\\ApplicationBuilder->Illuminate\\Foundation\\Configuration\\{closure}()
#23 /var/www/html/vendor/laravel/framework/src/Illuminate/Container/Util.php(43): Illuminate\\Container\\BoundMethod::Illuminate\\Container\\{closure}()
#24 /var/www/html/vendor/laravel/framework/src/Illuminate/Container/BoundMethod.php(84): Illuminate\\Container\\Util::unwrapIfClosure(Object(Closure))
#25 /var/www/html/vendor/laravel/framework/src/Illuminate/Container/BoundMethod.php(35): Illuminate\\Container\\BoundMethod::callBoundMethod(Object(Illuminate\\Foundation\\Application), Object(Closure), Object(Closure))
#26 /var/www/html/vendor/laravel/framework/src/Illuminate/Container/Container.php(799): Illuminate\\Container\\BoundMethod::call(Object(Illuminate\\Foundation\\Application), Object(Closure), Array, NULL)
#27 /var/www/html/vendor/laravel/framework/src/Illuminate/Foundation/Support/Providers/RouteServiceProvider.php(162): Illuminate\\Container\\Container->call(Object(Closure))
#28 /var/www/html/vendor/laravel/framework/src/Illuminate/Foundation/Support/Providers/RouteServiceProvider.php(59): Illuminate\\Foundation\\Support\\Providers\\RouteServiceProvider->loadRoutes()
#29 /var/www/html/vendor/laravel/framework/src/Illuminate/Container/BoundMethod.php(36): Illuminate\\Foundation\\Support\\Providers\\RouteServiceProvider->Illuminate\\Foundation\\Support\\Providers\\{closure}()
#30 /var/www/html/vendor/laravel/framework/src/Illuminate/Container/Util.php(43): Illuminate\\Container\\BoundMethod::Illuminate\\Container\\{closure}()
#31 /var/www/html/vendor/laravel/framework/src/Illuminate/Container/BoundMethod.php(84): Illuminate\\Container\\Util::unwrapIfClosure(Object(Closure))
#32 /var/www/html/vendor/laravel/framework/src/Illuminate/Container/BoundMethod.php(35): Illuminate\\Container\\BoundMethod::callBoundMethod(Object(Illuminate\\Foundation\\Application), Object(Closure), Object(Closure))
#33 /var/www/html/vendor/laravel/framework/src/Illuminate/Container/Container.php(799): Illuminate\\Container\\BoundMethod::call(Object(Illuminate\\Foundation\\Application), Object(Closure), Array, NULL)
#34 /var/www/html/vendor/laravel/framework/src/Illuminate/Support/ServiceProvider.php(150): Illuminate\\Container\\Container->call(Object(Closure))
#35 /var/www/html/vendor/laravel/framework/src/Illuminate/Foundation/Application.php(1154): Illuminate\\Support\\ServiceProvider->callBootedCallbacks()
#36 /var/www/html/vendor/laravel/framework/src/Illuminate/Foundation/Application.php(1132): Illuminate\\Foundation\\Application->bootProvider(Object(Illuminate\\Foundation\\Support\\Providers\\RouteServiceProvider))
#37 [internal function]: Illuminate\\Foundation\\Application->Illuminate\\Foundation\\{closure}(Object(Illuminate\\Foundation\\Support\\Providers\\RouteServiceProvider), 'Illuminate\\\\Foun...')
#38 /var/www/html/vendor/laravel/framework/src/Illuminate/Foundation/Application.php(1131): array_walk(Array, Object(Closure))
#39 /var/www/html/vendor/laravel/framework/src/Illuminate/Foundation/Bootstrap/BootProviders.php(17): Illuminate\\Foundation\\Application->boot()
#40 /var/www/html/vendor/laravel/framework/src/Illuminate/Foundation/Application.php(342): Illuminate\\Foundation\\Bootstrap\\BootProviders->bootstrap(Object(Illuminate\\Foundation\\Application))
#41 /var/www/html/vendor/laravel/framework/src/Illuminate/Foundation/Console/Kernel.php(494): Illuminate\\Foundation\\Application->bootstrapWith(Array)
#42 /var/www/html/vendor/laravel/framework/src/Illuminate/Foundation/Console/Kernel.php(196): Illuminate\\Foundation\\Console\\Kernel->bootstrap()
#43 /var/www/html/vendor/laravel/framework/src/Illuminate/Foundation/Application.php(1235): Illuminate\\Foundation\\Console\\Kernel->handle(Object(Symfony\\Component\\Console\\Input\\ArgvInput), Object(Symfony\\Component\\Console\\Output\\ConsoleOutput))
#44 /var/www/html/artisan(13): Illuminate\\Foundation\\Application->handleCommand(Object(Symfony\\Component\\Console\\Input\\ArgvInput))
#45 {main}
"} 
[2026-09-18 15:41:21] local.ERROR: Class "App\Http\Controllers\Controller" not found {"exception":"[object] (Error(code: 0): Class \"App\\Http\\Controllers\\Controller\" not found at /var/www/html/app/Http/Controllers/HealthController.php:7)
[stacktrace]
#0 /var/www/html/vendor/composer/ClassLoader.php(576): include()
#1 /var/www/html/vendor/composer/ClassLoader.php(427): Composer\\Autoload\\{closure}('/var/www/html/v...')
#2 [internal function]: Composer\\Autoload\\ClassLoader->loadClass('App\\\\Http\\\\Contro...')
#3 /var/www/html/vendor/laravel/framework/src/Illuminate/Routing/RouteAction.php(91): method_exists('App\\\\Http\\\\Contro...', '__invoke')
#4 /var/www/html/vendor/laravel/framework/src/Illuminate/Routing/RouteAction.php(47): Illuminate\\Routing\\RouteAction::makeInvokable('App\\\\Http\\\\Contro...')
#5 /var/www/html/vendor/laravel/framework/src/Illuminate/Routing/Route.php(197): Illuminate\\Routing\\RouteAction::parse('api/health', Array)
#6 /var/www/html/vendor/laravel/framework/src/Illuminate/Routing/Route.php(178): Illuminate\\Routing\\Route->parseAction(Array)
#7 /var/www/html/vendor/laravel/framework/src/Illuminate/Routing/Router.php(685): Illuminate\\Routing\\Route->__construct(Array, 'api/health', Array)
#8 /var/www/html/vendor/laravel/framework/src/Illuminate/Routing/Router.php(576): Illuminate\\Routing\\Router->newRoute(Array, 'api/health', Array)
#9 /var/www/html/vendor/laravel/framework/src/Illuminate/Routing/Router.php(556): Illuminate\\Routing\\Router->createRoute(Array, '/health', Array)
#10 /var/www/html/vendor/laravel/framework/src/Illuminate/Routing/Router.php(160): Illuminate\\Routing\\Router->addRoute(Array, '/health', 'App\\\\Http\\\\Contro...')
#11 /var/www/html/vendor/laravel/framework/src/Illuminate/Support/Facades/Facade.php(363): Illuminate\\Routing\\Router->get('/health', 'App\\\\Http\\\\Contro...')
#12 /var/www/html/routes/api.php(10): Illuminate\\Support\\Facades\\Facade::__callStatic('get', Array)
#13 /var/www/html/vendor/laravel/framework/src/Illuminate/Routing/Router.php(524): Illuminate\\Routing\\RouteFileRegistrar->{closure}(Object(Illuminate\\Routing\\Router))
#14 /var/www/html/vendor/laravel/framework/src/Illuminate/Routing/Router.php(480): Illuminate\\Routing\\Router->loadRoutes(Object(Closure))
#15 /var/www/html/vendor/laravel/framework/src/Illuminate/Routing/RouteRegistrar.php(212): Illuminate\\Routing\\Router->group(Array, Object(Closure))
#16 /var/www/html/routes/api.php(8): Illuminate\\Routing\\RouteRegistrar->group(Object(Closure))
#17 /var/www/html/vendor/laravel/framework/src/Illuminate/Routing/RouteFileRegistrar.php(34): require('/var/www/html/r...')
#18 /var/www/html/vendor/laravel/framework/src/Illuminate/Routing/Router.php(526): Illuminate\\Routing\\RouteFileRegistrar->register('/var/www/html/b...')
#19 /var/www/html/vendor/laravel/framework/src/Illuminate/Routing/Router.php(480): Illuminate\\Routing\\Router->loadRoutes('/var/www/html/b...')
#20 /var/www/html/vendor/laravel/framework/src/Illuminate/Routing/RouteRegistrar.php(212): Illuminate\\Routing\\Router->group(Array, '/var/www/html/b...')
#21 /var/www/html/vendor/laravel/framework/src/Illuminate/Foundation/Configuration/ApplicationBuilder.php(214): Illuminate\\Routing\\RouteRegistrar->group('/var/www/html/b...')
#22 /var/www/html/vendor/laravel/framework/src/Illuminate/Container/BoundMethod.php(36): Illuminate\\Foundation\\Configuration\\ApplicationBuilder->Illuminate\\Foundation\\Configuration\\{closure}()
#23 /var/www/html/vendor/laravel/framework/src/Illuminate/Container/Util.php(43): Illuminate\\Container\\BoundMethod::Illuminate\\Container\\{closure}()
#24 /var/www/html/vendor/laravel/framework/src/Illuminate/Container/BoundMethod.php(84): Illuminate\\Container\\Util::unwrapIfClosure(Object(Closure))
#25 /var/www/html/vendor/laravel/framework/src/Illuminate/Container/BoundMethod.php(35): Illuminate\\Container\\BoundMethod::callBoundMethod(Object(Illuminate\\Foundation\\Application), Object(Closure), Object(Closure))
#26 /var/www/html/vendor/laravel/framework/src/Illuminate/Container/Container.php(799): Illuminate\\Container\\BoundMethod::call(Object(Illuminate\\Foundation\\Application), Object(Closure), Array, NULL)
#27 /var/www/html/vendor/laravel/framework/src/Illuminate/Foundation/Support/Providers/RouteServiceProvider.php(162): Illuminate\\Container\\Container->call(Object(Closure))
#28 /var/www/html/vendor/laravel/framework/src/Illuminate/Foundation/Support/Providers/RouteServiceProvider.php(59): Illuminate\\Foundation\\Support\\Providers\\RouteServiceProvider->loadRoutes()
#29 /var/www/html/vendor/laravel/framework/src/Illuminate/Container/BoundMethod.php(36): Illuminate\\Foundation\\Support\\Providers\\RouteServiceProvider->Illuminate\\Foundation\\Support\\Providers\\{closure}()
#30 /var/www/html/vendor/laravel/framework/src/Illuminate/Container/Util.php(43): Illuminate\\Container\\BoundMethod::Illuminate\\Container\\{closure}()
#31 /var/www/html/vendor/laravel/framework/src/Illuminate/Container/BoundMethod.php(84): Illuminate\\Container\\Util::unwrapIfClosure(Object(Closure))
#32 /var/www/html/vendor/laravel/framework/src/Illuminate/Container/BoundMethod.php(35): Illuminate\\Container\\BoundMethod::callBoundMethod(Object(Illuminate\\Foundation\\Application), Object(Closure), Object(Closure))
#33 /var/www/html/vendor/laravel/framework/src/Illuminate/Container/Container.php(799): Illuminate\\Container\\BoundMethod::call(Object(Illuminate\\Foundation\\Application), Object(Closure), Array, NULL)
#34 /var/www/html/vendor/laravel/framework/src/Illuminate/Support/ServiceProvider.php(150): Illuminate\\Container\\Container->call(Object(Closure))
#35 /var/www/html/vendor/laravel/framework/src/Illuminate/Foundation/Application.php(1154): Illuminate\\Support\\ServiceProvider->callBootedCallbacks()
#36 /var/www/html/vendor/laravel/framework/src/Illuminate/Foundation/Application.php(1132): Illuminate\\Foundation\\Application->bootProvider(Object(Illuminate\\Foundation\\Support\\Providers\\RouteServiceProvider))
#37 [internal function]: Illuminate\\Foundation\\Application->Illuminate\\Foundation\\{closure}(Object(Illuminate\\Foundation\\Support\\Providers\\RouteServiceProvider), 'Illuminate\\\\Foun...')
#38 /var/www/html/vendor/laravel/framework/src/Illuminate/Foundation/Application.php(1131): array_walk(Array, Object(Closure))
#39 /var/www/html/vendor/laravel/framework/src/Illuminate/Foundation/Bootstrap/BootProviders.php(17): Illuminate\\Foundation\\Application->boot()
#40 /var/www/html/vendor/laravel/framework/src/Illuminate/Foundation/Application.php(342): Illuminate\\Foundation\\Bootstrap\\BootProviders->bootstrap(Object(Illuminate\\Foundation\\Application))
#41 /var/www/html/vendor/laravel/framework/src/Illuminate/Foundation/Http/Kernel.php(186): Illuminate\\Foundation\\Application->bootstrapWith(Array)
#42 /var/www/html/vendor/laravel/framework/src/Illuminate/Foundation/Http/Kernel.php(170): Illuminate\\Foundation\\Http\\Kernel->bootstrap()
#43 /var/www/html/vendor/laravel/framework/src/Illuminate/Foundation/Http/Kernel.php(144): Illuminate\\Foundation\\Http\\Kernel->sendRequestThroughRouter(Object(Illuminate\\Http\\Request))
#44 /var/www/html/vendor/laravel/framework/src/Illuminate/Foundation/Application.php(1220): Illuminate\\Foundation\\Http\\Kernel->handle(Object(Illuminate\\Http\\Request))
#45 /var/www/html/public/index.php(13): Illuminate\\Foundation\\Application->handleRequest(Object(Illuminate\\Http\\Request))
#46 {main}
"} 
[2026-09-18 15:41:21] local.ERROR: Call to a member function send() on null {"exception":"[object] (Error(code: 0): Call to a member function send() on null at /var/www/html/public/index.php:14)
[stacktrace]
#0 {main}
"} 
[2026-09-18 15:41:21] local.ERROR: Class "App\Http\Controllers\Controller" not found {"exception":"[object] (Error(code: 0): Class \"App\\Http\\Controllers\\Controller\" not found at /var/www/html/app/Http/Controllers/HealthController.php:7)
[stacktrace]
#0 /var/www/html/vendor/composer/ClassLoader.php(576): include()
#1 /var/www/html/vendor/composer/ClassLoader.php(427): Composer\\Autoload\\{closure}('/var/www/html/v...')
#2 [internal function]: Composer\\Autoload\\ClassLoader->loadClass('App\\\\Http\\\\Contro...')
#3 /var/www/html/vendor/laravel/framework/src/Illuminate/Routing/RouteAction.php(91): method_exists('App\\\\Http\\\\Contro...', '__invoke')
#4 /var/www/html/vendor/laravel/framework/src/Illuminate/Routing/RouteAction.php(47): Illuminate\\Routing\\RouteAction::makeInvokable('App\\\\Http\\\\Contro...')
#5 /var/www/html/vendor/laravel/framework/src/Illuminate/Routing/Route.php(197): Illuminate\\Routing\\RouteAction::parse('api/health', Array)
#6 /var/www/html/vendor/laravel/framework/src/Illuminate/Routing/Route.php(178): Illuminate\\Routing\\Route->parseAction(Array)
#7 /var/www/html/vendor/laravel/framework/src/Illuminate/Routing/Router.php(685): Illuminate\\Routing\\Route->__construct(Array, 'api/health', Array)
#8 /var/www/html/vendor/laravel/framework/src/Illuminate/Routing/Router.php(576): Illuminate\\Routing\\Router->newRoute(Array, 'api/health', Array)
#9 /var/www/html/vendor/laravel/framework/src/Illuminate/Routing/Router.php(556): Illuminate\\Routing\\Router->createRoute(Array, '/health', Array)
#10 /var/www/html/vendor/laravel/framework/src/Illuminate/Routing/Router.php(160): Illuminate\\Routing\\Router->addRoute(Array, '/health', 'App\\\\Http\\\\Contro...')
#11 /var/www/html/vendor/laravel/framework/src/Illuminate/Support/Facades/Facade.php(363): Illuminate\\Routing\\Router->get('/health', 'App\\\\Http\\\\Contro...')
#12 /var/www/html/routes/api.php(10): Illuminate\\Support\\Facades\\Facade::__callStatic('get', Array)
#13 /var/www/html/vendor/laravel/framework/src/Illuminate/Routing/Router.php(524): Illuminate\\Routing\\RouteFileRegistrar->{closure}(Object(Illuminate\\Routing\\Router))
#14 /var/www/html/vendor/laravel/framework/src/Illuminate/Routing/Router.php(480): Illuminate\\Routing\\Router->loadRoutes(Object(Closure))
#15 /var/www/html/vendor/laravel/framework/src/Illuminate/Routing/RouteRegistrar.php(212): Illuminate\\Routing\\Router->group(Array, Object(Closure))
#16 /var/www/html/routes/api.php(8): Illuminate\\Routing\\RouteRegistrar->group(Object(Closure))
#17 /var/www/html/vendor/laravel/framework/src/Illuminate/Routing/RouteFileRegistrar.php(34): require('/var/www/html/r...')
#18 /var/www/html/vendor/laravel/framework/src/Illuminate/Routing/Router.php(526): Illuminate\\Routing\\RouteFileRegistrar->register('/var/www/html/b...')
#19 /var/www/html/vendor/laravel/framework/src/Illuminate/Routing/Router.php(480): Illuminate\\Routing\\Router->loadRoutes('/var/www/html/b...')
#20 /var/www/html/vendor/laravel/framework/src/Illuminate/Routing/RouteRegistrar.php(212): Illuminate\\Routing\\Router->group(Array, '/var/www/html/b...')
#21 /var/www/html/vendor/laravel/framework/src/Illuminate/Foundation/Configuration/ApplicationBuilder.php(214): Illuminate\\Routing\\RouteRegistrar->group('/var/www/html/b...')
#22 /var/www/html/vendor/laravel/framework/src/Illuminate/Container/BoundMethod.php(36): Illuminate\\Foundation\\Configuration\\ApplicationBuilder->Illuminate\\Foundation\\Configuration\\{closure}()
#23 /var/www/html/vendor/laravel/framework/src/Illuminate/Container/Util.php(43): Illuminate\\Container\\BoundMethod::Illuminate\\Container\\{closure}()
#24 /var/www/html/vendor/laravel/framework/src/Illuminate/Container/BoundMethod.php(84): Illuminate\\Container\\Util::unwrapIfClosure(Object(Closure))
#25 /var/www/html/vendor/laravel/framework/src/Illuminate/Container/BoundMethod.php(35): Illuminate\\Container\\BoundMethod::callBoundMethod(Object(Illuminate\\Foundation\\Application), Object(Closure), Object(Closure))
#26 /var/www/html/vendor/laravel/framework/src/Illuminate/Container/Container.php(799): Illuminate\\Container\\BoundMethod::call(Object(Illuminate\\Foundation\\Application), Object(Closure), Array, NULL)
#27 /var/www/html/vendor/laravel/framework/src/Illuminate/Foundation/Support/Providers/RouteServiceProvider.php(162): Illuminate\\Container\\Container->call(Object(Closure))
#28 /var/www/html/vendor/laravel/framework/src/Illuminate/Foundation/Support/Providers/RouteServiceProvider.php(59): Illuminate\\Foundation\\Support\\Providers\\RouteServiceProvider->loadRoutes()
#29 /var/www/html/vendor/laravel/framework/src/Illuminate/Container/BoundMethod.php(36): Illuminate\\Foundation\\Support\\Providers\\RouteServiceProvider->Illuminate\\Foundation\\Support\\Providers\\{closure}()
#30 /var/www/html/vendor/laravel/framework/src/Illuminate/Container/Util.php(43): Illuminate\\Container\\BoundMethod::Illuminate\\Container\\{closure}()
#31 /var/www/html/vendor/laravel/framework/src/Illuminate/Container/BoundMethod.php(84): Illuminate\\Container\\Util::unwrapIfClosure(Object(Closure))
#32 /var/www/html/vendor/laravel/framework/src/Illuminate/Container/BoundMethod.php(35): Illuminate\\Container\\BoundMethod::callBoundMethod(Object(Illuminate\\Foundation\\Application), Object(Closure), Object(Closure))
#33 /var/www/html/vendor/laravel/framework/src/Illuminate/Container/Container.php(799): Illuminate\\Container\\BoundMethod::call(Object(Illuminate\\Foundation\\Application), Object(Closure), Array, NULL)
#34 /var/www/html/vendor/laravel/framework/src/Illuminate/Support/ServiceProvider.php(150): Illuminate\\Container\\Container->call(Object(Closure))
#35 /var/www/html/vendor/laravel/framework/src/Illuminate/Foundation/Application.php(1154): Illuminate\\Support\\ServiceProvider->callBootedCallbacks()
#36 /var/www/html/vendor/laravel/framework/src/Illuminate/Foundation/Application.php(1132): Illuminate\\Foundation\\Application->bootProvider(Object(Illuminate\\Foundation\\Support\\Providers\\RouteServiceProvider))
#37 [internal function]: Illuminate\\Foundation\\Application->Illuminate\\Foundation\\{closure}(Object(Illuminate\\Foundation\\Support\\Providers\\RouteServiceProvider), 'Illuminate\\\\Foun...')
#38 /var/www/html/vendor/laravel/framework/src/Illuminate/Foundation/Application.php(1131): array_walk(Array, Object(Closure))
#39 /var/www/html/vendor/laravel/framework/src/Illuminate/Foundation/Bootstrap/BootProviders.php(17): Illuminate\\Foundation\\Application->boot()
#40 /var/www/html/vendor/laravel/framework/src/Illuminate/Foundation/Application.php(342): Illuminate\\Foundation\\Bootstrap\\BootProviders->bootstrap(Object(Illuminate\\Foundation\\Application))
#41 /var/www/html/vendor/laravel/framework/src/Illuminate/Foundation/Http/Kernel.php(186): Illuminate\\Foundation\\Application->bootstrapWith(Array)
#42 /var/www/html/vendor/laravel/framework/src/Illuminate/Foundation/Http/Kernel.php(170): Illuminate\\Foundation\\Http\\Kernel->bootstrap()
#43 /var/www/html/vendor/laravel/framework/src/Illuminate/Foundation/Http/Kernel.php(144): Illuminate\\Foundation\\Http\\Kernel->sendRequestThroughRouter(Object(Illuminate\\Http\\Request))
#44 /var/www/html/vendor/laravel/framework/src/Illuminate/Foundation/Application.php(1220): Illuminate\\Foundation\\Http\\Kernel->handle(Object(Illuminate\\Http\\Request))
#45 /var/www/html/public/index.php(13): Illuminate\\Foundation\\Application->handleRequest(Object(Illuminate\\Http\\Request))
#46 {main}
"} 
[2026-09-18 15:41:21] local.ERROR: Call to a member function send() on null {"exception":"[object] (Error(code: 0): Call to a member function send() on null at /var/www/html/public/index.php:14)
[stacktrace]
#0 {main}
"} 
[2026-09-18 15:41:30] local.ERROR: No application encryption key has been specified. {"exception":"[object] (Illuminate\\Encryption\\MissingAppKeyException(code: 0): No application encryption key has been specified. at /var/www/html/vendor/laravel/framework/src/Illuminate/Encryption/EncryptionServiceProvider.php:83)
[stacktrace]
#0 /var/www/html/vendor/laravel/framework/src/Illuminate/Support/helpers.php(393): Illuminate\\Encryption\\EncryptionServiceProvider->Illuminate\\Encryption\\{closure}(NULL)
#1 /var/www/html/vendor/laravel/framework/src/Illuminate/Encryption/EncryptionServiceProvider.php(81): tap(NULL, Object(Closure))
#2 /var/www/html/vendor/laravel/framework/src/Illuminate/Encryption/EncryptionServiceProvider.php(64): Illuminate\\Encryption\\EncryptionServiceProvider->key(Array)
#3 /var/www/html/vendor/laravel/framework/src/Illuminate/Encryption/EncryptionServiceProvider.php(32): Illuminate\\Encryption\\EncryptionServiceProvider->parseKey(Array)
#4 /var/www/html/vendor/laravel/framework/src/Illuminate/Container/Container.php(1115): Illuminate\\Encryption\\EncryptionServiceProvider->Illuminate\\Encryption\\{closure}(Object(Illuminate\\Foundation\\Application), Array)
#5 /var/www/html/vendor/laravel/framework/src/Illuminate/Container/Container.php(933): Illuminate\\Container\\Container->build(Object(Closure))
#6 /var/www/html/vendor/laravel/framework/src/Illuminate/Foundation/Application.php(1078): Illuminate\\Container\\Container->resolve('encrypter', Array, true)
#7 /var/www/html/vendor/laravel/framework/src/Illuminate/Container/Container.php(864): Illuminate\\Foundation\\Application->resolve('encrypter', Array)
#8 /var/www/html/vendor/laravel/framework/src/Illuminate/Foundation/Application.php(1058): Illuminate\\Container\\Container->make('encrypter', Array)
#9 /var/www/html/vendor/laravel/framework/src/Illuminate/Container/Container.php(1336): Illuminate\\Foundation\\Application->make('encrypter')
#10 /var/www/html/vendor/laravel/framework/src/Illuminate/Container/Container.php(1237): Illuminate\\Container\\Container->resolveClass(Object(ReflectionParameter), 'Illuminate\\\\Cont...')
#11 /var/www/html/vendor/laravel/framework/src/Illuminate/Container/Container.php(1162): Illuminate\\Container\\Container->resolveDependencies(Array)
#12 /var/www/html/vendor/laravel/framework/src/Illuminate/Container/Container.php(933): Illuminate\\Container\\Container->build('Illuminate\\\\Cook...')
#13 /var/www/html/vendor/laravel/framework/src/Illuminate/Foundation/Application.php(1078): Illuminate\\Container\\Container->resolve('Illuminate\\\\Cook...', Array, true)
#14 /var/www/html/vendor/laravel/framework/src/Illuminate/Container/Container.php(864): Illuminate\\Foundation\\Application->resolve('Illuminate\\\\Cook...', Array)
#15 /var/www/html/vendor/laravel/framework/src/Illuminate/Foundation/Application.php(1058): Illuminate\\Container\\Container->make('Illuminate\\\\Cook...', Array)
#16 /var/www/html/vendor/laravel/framework/src/Illuminate/Pipeline/Pipeline.php(208): Illuminate\\Foundation\\Application->make('Illuminate\\\\Cook...')
#17 /var/www/html/vendor/laravel/framework/src/Illuminate/Pipeline/Pipeline.php(137): Illuminate\\Pipeline\\Pipeline->Illuminate\\Pipeline\\{closure}(Object(Illuminate\\Http\\Request))
#18 /var/www/html/vendor/laravel/framework/src/Illuminate/Routing/Router.php(821): Illuminate\\Pipeline\\Pipeline->then(Object(Closure))
#19 /var/www/html/vendor/laravel/framework/src/Illuminate/Routing/Router.php(800): Illuminate\\Routing\\Router->runRouteWithinStack(Object(Illuminate\\Routing\\Route), Object(Illuminate\\Http\\Request))
#20 /var/www/html/vendor/laravel/framework/src/Illuminate/Routing/Router.php(764): Illuminate\\Routing\\Router->runRoute(Object(Illuminate\\Http\\Request), Object(Illuminate\\Routing\\Route))
#21 /var/www/html/vendor/laravel/framework/src/Illuminate/Routing/Router.php(753): Illuminate\\Routing\\Router->dispatchToRoute(Object(Illuminate\\Http\\Request))
#22 /var/www/html/vendor/laravel/framework/src/Illuminate/Foundation/Http/Kernel.php(200): Illuminate\\Routing\\Router->dispatch(Object(Illuminate\\Http\\Request))
#23 /var/www/html/vendor/laravel/framework/src/Illuminate/Pipeline/Pipeline.php(180): Illuminate\\Foundation\\Http\\Kernel->Illuminate\\Foundation\\Http\\{closure}(Object(Illuminate\\Http\\Request))
#24 /var/www/html/vendor/laravel/framework/src/Illuminate/Foundation/Http/Middleware/TransformsRequest.php(21): Illuminate\\Pipeline\\Pipeline->Illuminate\\Pipeline\\{closure}(Object(Illuminate\\Http\\Request))
#25 /var/www/html/vendor/laravel/framework/src/Illuminate/Foundation/Http/Middleware/ConvertEmptyStringsToNull.php(31): Illuminate\\Foundation\\Http\\Middleware\\TransformsRequest->handle(Object(Illuminate\\Http\\Request), Object(Closure))
#26 /var/www/html/vendor/laravel/framework/src/Illuminate/Pipeline/Pipeline.php(219): Illuminate\\Foundation\\Http\\Middleware\\ConvertEmptyStringsToNull->handle(Object(Illuminate\\Http\\Request), Object(Closure))
#27 /var/www/html/vendor/laravel/framework/src/Illuminate/Foundation/Http/Middleware/TransformsRequest.php(21): Illuminate\\Pipeline\\Pipeline->Illuminate\\Pipeline\\{closure}(Object(Illuminate\\Http\\Request))
#28 /var/www/html/vendor/laravel/framework/src/Illuminate/Foundation/Http/Middleware/TrimStrings.php(51): Illuminate\\Foundation\\Http\\Middleware\\TransformsRequest->handle(Object(Illuminate\\Http\\Request), Object(Closure))
#29 /var/www/html/vendor/laravel/framework/src/Illuminate/Pipeline/Pipeline.php(219): Illuminate\\Foundation\\Http\\Middleware\\TrimStrings->handle(Object(Illuminate\\Http\\Request), Object(Closure))
#30 /var/www/html/vendor/laravel/framework/src/Illuminate/Http/Middleware/ValidatePostSize.php(27): Illuminate\\Pipeline\\Pipeline->Illuminate\\Pipeline\\{closure}(Object(Illuminate\\Http\\Request))
#31 /var/www/html/vendor/laravel/framework/src/Illuminate/Pipeline/Pipeline.php(219): Illuminate\\Http\\Middleware\\ValidatePostSize->handle(Object(Illuminate\\Http\\Request), Object(Closure))
#32 /var/www/html/vendor/laravel/framework/src/Illuminate/Foundation/Http/Middleware/PreventRequestsDuringMaintenance.php(109): Illuminate\\Pipeline\\Pipeline->Illuminate\\Pipeline\\{closure}(Object(Illuminate\\Http\\Request))
#33 /var/www/html/vendor/laravel/framework/src/Illuminate/Pipeline/Pipeline.php(219): Illuminate\\Foundation\\Http\\Middleware\\PreventRequestsDuringMaintenance->handle(Object(Illuminate\\Http\\Request), Object(Closure))
#34 /var/www/html/vendor/laravel/framework/src/Illuminate/Http/Middleware/HandleCors.php(61): Illuminate\\Pipeline\\Pipeline->Illuminate\\Pipeline\\{closure}(Object(Illuminate\\Http\\Request))
#35 /var/www/html/vendor/laravel/framework/src/Illuminate/Pipeline/Pipeline.php(219): Illuminate\\Http\\Middleware\\HandleCors->handle(Object(Illuminate\\Http\\Request), Object(Closure))
#36 /var/www/html/vendor/laravel/framework/src/Illuminate/Http/Middleware/TrustProxies.php(58): Illuminate\\Pipeline\\Pipeline->Illuminate\\Pipeline\\{closure}(Object(Illuminate\\Http\\Request))
#37 /var/www/html/vendor/laravel/framework/src/Illuminate/Pipeline/Pipeline.php(219): Illuminate\\Http\\Middleware\\TrustProxies->handle(Object(Illuminate\\Http\\Request), Object(Closure))
#38 /var/www/html/vendor/laravel/framework/src/Illuminate/Foundation/Http/Middleware/InvokeDeferredCallbacks.php(22): Illuminate\\Pipeline\\Pipeline->Illuminate\\Pipeline\\{closure}(Object(Illuminate\\Http\\Request))
#39 /var/www/html/vendor/laravel/framework/src/Illuminate/Pipeline/Pipeline.php(219): Illuminate\\Foundation\\Http\\Middleware\\InvokeDeferredCallbacks->handle(Object(Illuminate\\Http\\Request), Object(Closure))
#40 /var/www/html/vendor/laravel/framework/src/Illuminate/Http/Middleware/ValidatePathEncoding.php(26): Illuminate\\Pipeline\\Pipeline->Illuminate\\Pipeline\\{closure}(Object(Illuminate\\Http\\Request))
#41 /var/www/html/vendor/laravel/framework/src/Illuminate/Pipeline/Pipeline.php(219): Illuminate\\Http\\Middleware\\ValidatePathEncoding->handle(Object(Illuminate\\Http\\Request), Object(Closure))
#42 /var/www/html/vendor/laravel/framework/src/Illuminate/Pipeline/Pipeline.php(137): Illuminate\\Pipeline\\Pipeline->Illuminate\\Pipeline\\{closure}(Object(Illuminate\\Http\\Request))
#43 /var/www/html/vendor/laravel/framework/src/Illuminate/Foundation/Http/Kernel.php(175): Illuminate\\Pipeline\\Pipeline->then(Object(Closure))
#44 /var/www/html/vendor/laravel/framework/src/Illuminate/Foundation/Http/Kernel.php(144): Illuminate\\Foundation\\Http\\Kernel->sendRequestThroughRouter(Object(Illuminate\\Http\\Request))
#45 /var/www/html/vendor/laravel/framework/src/Illuminate/Foundation/Application.php(1220): Illuminate\\Foundation\\Http\\Kernel->handle(Object(Illuminate\\Http\\Request))
#46 /var/www/html/public/index.php(13): Illuminate\\Foundation\\Application->handleRequest(Object(Illuminate\\Http\\Request))
#47 {main}
"} 
[2026-09-18 15:41:30] local.ERROR: No application encryption key has been specified. {"exception":"[object] (Illuminate\\Encryption\\MissingAppKeyException(code: 0): No application encryption key has been specified. at /var/www/html/vendor/laravel/framework/src/Illuminate/Encryption/EncryptionServiceProvider.php:83)
[stacktrace]
#0 /var/www/html/vendor/laravel/framework/src/Illuminate/Support/helpers.php(393): Illuminate\\Encryption\\EncryptionServiceProvider->Illuminate\\Encryption\\{closure}(NULL)
#1 /var/www/html/vendor/laravel/framework/src/Illuminate/Encryption/EncryptionServiceProvider.php(81): tap(NULL, Object(Closure))
#2 /var/www/html/vendor/laravel/framework/src/Illuminate/Encryption/EncryptionServiceProvider.php(64): Illuminate\\Encryption\\EncryptionServiceProvider->key(Array)
#3 /var/www/html/vendor/laravel/framework/src/Illuminate/Encryption/EncryptionServiceProvider.php(32): Illuminate\\Encryption\\EncryptionServiceProvider->parseKey(Array)
#4 /var/www/html/vendor/laravel/framework/src/Illuminate/Container/Container.php(1115): Illuminate\\Encryption\\EncryptionServiceProvider->Illuminate\\Encryption\\{closure}(Object(Illuminate\\Foundation\\Application), Array)
#5 /var/www/html/vendor/laravel/framework/src/Illuminate/Container/Container.php(933): Illuminate\\Container\\Container->build(Object(Closure))
#6 /var/www/html/vendor/laravel/framework/src/Illuminate/Foundation/Application.php(1078): Illuminate\\Container\\Container->resolve('encrypter', Array, true)
#7 /var/www/html/vendor/laravel/framework/src/Illuminate/Container/Container.php(864): Illuminate\\Foundation\\Application->resolve('encrypter', Array)
#8 /var/www/html/vendor/laravel/framework/src/Illuminate/Foundation/Application.php(1058): Illuminate\\Container\\Container->make('encrypter', Array)
#9 /var/www/html/vendor/laravel/framework/src/Illuminate/Container/Container.php(1336): Illuminate\\Foundation\\Application->make('encrypter')
#10 /var/www/html/vendor/laravel/framework/src/Illuminate/Container/Container.php(1237): Illuminate\\Container\\Container->resolveClass(Object(ReflectionParameter), 'Illuminate\\\\Cont...')
#11 /var/www/html/vendor/laravel/framework/src/Illuminate/Container/Container.php(1162): Illuminate\\Container\\Container->resolveDependencies(Array)
#12 /var/www/html/vendor/laravel/framework/src/Illuminate/Container/Container.php(933): Illuminate\\Container\\Container->build('Illuminate\\\\Cook...')
#13 /var/www/html/vendor/laravel/framework/src/Illuminate/Foundation/Application.php(1078): Illuminate\\Container\\Container->resolve('Illuminate\\\\Cook...', Array, true)
#14 /var/www/html/vendor/laravel/framework/src/Illuminate/Container/Container.php(864): Illuminate\\Foundation\\Application->resolve('Illuminate\\\\Cook...', Array)
#15 /var/www/html/vendor/laravel/framework/src/Illuminate/Foundation/Application.php(1058): Illuminate\\Container\\Container->make('Illuminate\\\\Cook...', Array)
#16 /var/www/html/vendor/laravel/framework/src/Illuminate/Foundation/Http/Kernel.php(257): Illuminate\\Foundation\\Application->make('Illuminate\\\\Cook...')
#17 /var/www/html/vendor/laravel/framework/src/Illuminate/Foundation/Http/Kernel.php(215): Illuminate\\Foundation\\Http\\Kernel->terminateMiddleware(Object(Illuminate\\Http\\Request), Object(Illuminate\\Http\\JsonResponse))
#18 /var/www/html/vendor/laravel/framework/src/Illuminate/Foundation/Application.php(1222): Illuminate\\Foundation\\Http\\Kernel->terminate(Object(Illuminate\\Http\\Request), Object(Illuminate\\Http\\JsonResponse))
#19 /var/www/html/public/index.php(13): Illuminate\\Foundation\\Application->handleRequest(Object(Illuminate\\Http\\Request))
#20 {main}
"} 
[2026-09-18 15:41:30] local.ERROR: No application encryption key has been specified. {"exception":"[object] (Illuminate\\Encryption\\MissingAppKeyException(code: 0): No application encryption key has been specified. at /var/www/html/vendor/laravel/framework/src/Illuminate/Encryption/EncryptionServiceProvider.php:83)
[stacktrace]
#0 /var/www/html/vendor/laravel/framework/src/Illuminate/Support/helpers.php(393): Illuminate\\Encryption\\EncryptionServiceProvider->Illuminate\\Encryption\\{closure}(NULL)
#1 /var/www/html/vendor/laravel/framework/src/Illuminate/Encryption/EncryptionServiceProvider.php(81): tap(NULL, Object(Closure))
#2 /var/www/html/vendor/laravel/framework/src/Illuminate/Encryption/EncryptionServiceProvider.php(64): Illuminate\\Encryption\\EncryptionServiceProvider->key(Array)
#3 /var/www/html/vendor/laravel/framework/src/Illuminate/Encryption/EncryptionServiceProvider.php(32): Illuminate\\Encryption\\EncryptionServiceProvider->parseKey(Array)
#4 /var/www/html/vendor/laravel/framework/src/Illuminate/Container/Container.php(1115): Illuminate\\Encryption\\EncryptionServiceProvider->Illuminate\\Encryption\\{closure}(Object(Illuminate\\Foundation\\Application), Array)
#5 /var/www/html/vendor/laravel/framework/src/Illuminate/Container/Container.php(933): Illuminate\\Container\\Container->build(Object(Closure))
#6 /var/www/html/vendor/laravel/framework/src/Illuminate/Foundation/Application.php(1078): Illuminate\\Container\\Container->resolve('encrypter', Array, true)
#7 /var/www/html/vendor/laravel/framework/src/Illuminate/Container/Container.php(864): Illuminate\\Foundation\\Application->resolve('encrypter', Array)
#8 /var/www/html/vendor/laravel/framework/src/Illuminate/Foundation/Application.php(1058): Illuminate\\Container\\Container->make('encrypter', Array)
#9 /var/www/html/vendor/laravel/framework/src/Illuminate/Container/Container.php(1336): Illuminate\\Foundation\\Application->make('encrypter')
#10 /var/www/html/vendor/laravel/framework/src/Illuminate/Container/Container.php(1237): Illuminate\\Container\\Container->resolveClass(Object(ReflectionParameter), 'Illuminate\\\\Cont...')
#11 /var/www/html/vendor/laravel/framework/src/Illuminate/Container/Container.php(1162): Illuminate\\Container\\Container->resolveDependencies(Array)
#12 /var/www/html/vendor/laravel/framework/src/Illuminate/Container/Container.php(933): Illuminate\\Container\\Container->build('Illuminate\\\\Cook...')
#13 /var/www/html/vendor/laravel/framework/src/Illuminate/Foundation/Application.php(1078): Illuminate\\Container\\Container->resolve('Illuminate\\\\Cook...', Array, true)
#14 /var/www/html/vendor/laravel/framework/src/Illuminate/Container/Container.php(864): Illuminate\\Foundation\\Application->resolve('Illuminate\\\\Cook...', Array)
#15 /var/www/html/vendor/laravel/framework/src/Illuminate/Foundation/Application.php(1058): Illuminate\\Container\\Container->make('Illuminate\\\\Cook...', Array)
#16 /var/www/html/vendor/laravel/framework/src/Illuminate/Pipeline/Pipeline.php(208): Illuminate\\Foundation\\Application->make('Illuminate\\\\Cook...')
#17 /var/www/html/vendor/laravel/framework/src/Illuminate/Pipeline/Pipeline.php(137): Illuminate\\Pipeline\\Pipeline->Illuminate\\Pipeline\\{closure}(Object(Illuminate\\Http\\Request))
#18 /var/www/html/vendor/laravel/framework/src/Illuminate/Routing/Router.php(821): Illuminate\\Pipeline\\Pipeline->then(Object(Closure))
#19 /var/www/html/vendor/laravel/framework/src/Illuminate/Routing/Router.php(800): Illuminate\\Routing\\Router->runRouteWithinStack(Object(Illuminate\\Routing\\Route), Object(Illuminate\\Http\\Request))
#20 /var/www/html/vendor/laravel/framework/src/Illuminate/Routing/Router.php(764): Illuminate\\Routing\\Router->runRoute(Object(Illuminate\\Http\\Request), Object(Illuminate\\Routing\\Route))
#21 /var/www/html/vendor/laravel/framework/src/Illuminate/Routing/Router.php(753): Illuminate\\Routing\\Router->dispatchToRoute(Object(Illuminate\\Http\\Request))
#22 /var/www/html/vendor/laravel/framework/src/Illuminate/Foundation/Http/Kernel.php(200): Illuminate\\Routing\\Router->dispatch(Object(Illuminate\\Http\\Request))
#23 /var/www/html/vendor/laravel/framework/src/Illuminate/Pipeline/Pipeline.php(180): Illuminate\\Foundation\\Http\\Kernel->Illuminate\\Foundation\\Http\\{closure}(Object(Illuminate\\Http\\Request))
#24 /var/www/html/vendor/laravel/framework/src/Illuminate/Foundation/Http/Middleware/TransformsRequest.php(21): Illuminate\\Pipeline\\Pipeline->Illuminate\\Pipeline\\{closure}(Object(Illuminate\\Http\\Request))
#25 /var/www/html/vendor/laravel/framework/src/Illuminate/Foundation/Http/Middleware/ConvertEmptyStringsToNull.php(31): Illuminate\\Foundation\\Http\\Middleware\\TransformsRequest->handle(Object(Illuminate\\Http\\Request), Object(Closure))
#26 /var/www/html/vendor/laravel/framework/src/Illuminate/Pipeline/Pipeline.php(219): Illuminate\\Foundation\\Http\\Middleware\\ConvertEmptyStringsToNull->handle(Object(Illuminate\\Http\\Request), Object(Closure))
#27 /var/www/html/vendor/laravel/framework/src/Illuminate/Foundation/Http/Middleware/TransformsRequest.php(21): Illuminate\\Pipeline\\Pipeline->Illuminate\\Pipeline\\{closure}(Object(Illuminate\\Http\\Request))
#28 /var/www/html/vendor/laravel/framework/src/Illuminate/Foundation/Http/Middleware/TrimStrings.php(51): Illuminate\\Foundation\\Http\\Middleware\\TransformsRequest->handle(Object(Illuminate\\Http\\Request), Object(Closure))
#29 /var/www/html/vendor/laravel/framework/src/Illuminate/Pipeline/Pipeline.php(219): Illuminate\\Foundation\\Http\\Middleware\\TrimStrings->handle(Object(Illuminate\\Http\\Request), Object(Closure))
#30 /var/www/html/vendor/laravel/framework/src/Illuminate/Http/Middleware/ValidatePostSize.php(27): Illuminate\\Pipeline\\Pipeline->Illuminate\\Pipeline\\{closure}(Object(Illuminate\\Http\\Request))
#31 /var/www/html/vendor/laravel/framework/src/Illuminate/Pipeline/Pipeline.php(219): Illuminate\\Http\\Middleware\\ValidatePostSize->handle(Object(Illuminate\\Http\\Request), Object(Closure))
#32 /var/www/html/vendor/laravel/framework/src/Illuminate/Foundation/Http/Middleware/PreventRequestsDuringMaintenance.php(109): Illuminate\\Pipeline\\Pipeline->Illuminate\\Pipeline\\{closure}(Object(Illuminate\\Http\\Request))
#33 /var/www/html/vendor/laravel/framework/src/Illuminate/Pipeline/Pipeline.php(219): Illuminate\\Foundation\\Http\\Middleware\\PreventRequestsDuringMaintenance->handle(Object(Illuminate\\Http\\Request), Object(Closure))
#34 /var/www/html/vendor/laravel/framework/src/Illuminate/Http/Middleware/HandleCors.php(61): Illuminate\\Pipeline\\Pipeline->Illuminate\\Pipeline\\{closure}(Object(Illuminate\\Http\\Request))
#35 /var/www/html/vendor/laravel/framework/src/Illuminate/Pipeline/Pipeline.php(219): Illuminate\\Http\\Middleware\\HandleCors->handle(Object(Illuminate\\Http\\Request), Object(Closure))
#36 /var/www/html/vendor/laravel/framework/src/Illuminate/Http/Middleware/TrustProxies.php(58): Illuminate\\Pipeline\\Pipeline->Illuminate\\Pipeline\\{closure}(Object(Illuminate\\Http\\Request))
#37 /var/www/html/vendor/laravel/framework/src/Illuminate/Pipeline/Pipeline.php(219): Illuminate\\Http\\Middleware\\TrustProxies->handle(Object(Illuminate\\Http\\Request), Object(Closure))
#38 /var/www/html/vendor/laravel/framework/src/Illuminate/Foundation/Http/Middleware/InvokeDeferredCallbacks.php(22): Illuminate\\Pipeline\\Pipeline->Illuminate\\Pipeline\\{closure}(Object(Illuminate\\Http\\Request))
#39 /var/www/html/vendor/laravel/framework/src/Illuminate/Pipeline/Pipeline.php(219): Illuminate\\Foundation\\Http\\Middleware\\InvokeDeferredCallbacks->handle(Object(Illuminate\\Http\\Request), Object(Closure))
#40 /var/www/html/vendor/laravel/framework/src/Illuminate/Http/Middleware/ValidatePathEncoding.php(26): Illuminate\\Pipeline\\Pipeline->Illuminate\\Pipeline\\{closure}(Object(Illuminate\\Http\\Request))
#41 /var/www/html/vendor/laravel/framework/src/Illuminate/Pipeline/Pipeline.php(219): Illuminate\\Http\\Middleware\\ValidatePathEncoding->handle(Object(Illuminate\\Http\\Request), Object(Closure))
#42 /var/www/html/vendor/laravel/framework/src/Illuminate/Pipeline/Pipeline.php(137): Illuminate\\Pipeline\\Pipeline->Illuminate\\Pipeline\\{closure}(Object(Illuminate\\Http\\Request))
#43 /var/www/html/vendor/laravel/framework/src/Illuminate/Foundation/Http/Kernel.php(175): Illuminate\\Pipeline\\Pipeline->then(Object(Closure))
#44 /var/www/html/vendor/laravel/framework/src/Illuminate/Foundation/Http/Kernel.php(144): Illuminate\\Foundation\\Http\\Kernel->sendRequestThroughRouter(Object(Illuminate\\Http\\Request))
#45 /var/www/html/vendor/laravel/framework/src/Illuminate/Foundation/Application.php(1220): Illuminate\\Foundation\\Http\\Kernel->handle(Object(Illuminate\\Http\\Request))
#46 /var/www/html/public/index.php(13): Illuminate\\Foundation\\Application->handleRequest(Object(Illuminate\\Http\\Request))
#47 {main}
"} 
[2026-09-18 15:41:30] local.ERROR: No application encryption key has been specified. {"exception":"[object] (Illuminate\\Encryption\\MissingAppKeyException(code: 0): No application encryption key has been specified. at /var/www/html/vendor/laravel/framework/src/Illuminate/Encryption/EncryptionServiceProvider.php:83)
[stacktrace]
#0 /var/www/html/vendor/laravel/framework/src/Illuminate/Support/helpers.php(393): Illuminate\\Encryption\\EncryptionServiceProvider->Illuminate\\Encryption\\{closure}(NULL)
#1 /var/www/html/vendor/laravel/framework/src/Illuminate/Encryption/EncryptionServiceProvider.php(81): tap(NULL, Object(Closure))
#2 /var/www/html/vendor/laravel/framework/src/Illuminate/Encryption/EncryptionServiceProvider.php(64): Illuminate\\Encryption\\EncryptionServiceProvider->key(Array)
#3 /var/www/html/vendor/laravel/framework/src/Illuminate/Encryption/EncryptionServiceProvider.php(32): Illuminate\\Encryption\\EncryptionServiceProvider->parseKey(Array)
#4 /var/www/html/vendor/laravel/framework/src/Illuminate/Container/Container.php(1115): Illuminate\\Encryption\\EncryptionServiceProvider->Illuminate\\Encryption\\{closure}(Object(Illuminate\\Foundation\\Application), Array)
#5 /var/www/html/vendor/laravel/framework/src/Illuminate/Container/Container.php(933): Illuminate\\Container\\Container->build(Object(Closure))
#6 /var/www/html/vendor/laravel/framework/src/Illuminate/Foundation/Application.php(1078): Illuminate\\Container\\Container->resolve('encrypter', Array, true)
#7 /var/www/html/vendor/laravel/framework/src/Illuminate/Container/Container.php(864): Illuminate\\Foundation\\Application->resolve('encrypter', Array)
#8 /var/www/html/vendor/laravel/framework/src/Illuminate/Foundation/Application.php(1058): Illuminate\\Container\\Container->make('encrypter', Array)
#9 /var/www/html/vendor/laravel/framework/src/Illuminate/Container/Container.php(1336): Illuminate\\Foundation\\Application->make('encrypter')
#10 /var/www/html/vendor/laravel/framework/src/Illuminate/Container/Container.php(1237): Illuminate\\Container\\Container->resolveClass(Object(ReflectionParameter), 'Illuminate\\\\Cont...')
#11 /var/www/html/vendor/laravel/framework/src/Illuminate/Container/Container.php(1162): Illuminate\\Container\\Container->resolveDependencies(Array)
#12 /var/www/html/vendor/laravel/framework/src/Illuminate/Container/Container.php(933): Illuminate\\Container\\Container->build('Illuminate\\\\Cook...')
#13 /var/www/html/vendor/laravel/framework/src/Illuminate/Foundation/Application.php(1078): Illuminate\\Container\\Container->resolve('Illuminate\\\\Cook...', Array, true)
#14 /var/www/html/vendor/laravel/framework/src/Illuminate/Container/Container.php(864): Illuminate\\Foundation\\Application->resolve('Illuminate\\\\Cook...', Array)
#15 /var/www/html/vendor/laravel/framework/src/Illuminate/Foundation/Application.php(1058): Illuminate\\Container\\Container->make('Illuminate\\\\Cook...', Array)
#16 /var/www/html/vendor/laravel/framework/src/Illuminate/Foundation/Http/Kernel.php(257): Illuminate\\Foundation\\Application->make('Illuminate\\\\Cook...')
#17 /var/www/html/vendor/laravel/framework/src/Illuminate/Foundation/Http/Kernel.php(215): Illuminate\\Foundation\\Http\\Kernel->terminateMiddleware(Object(Illuminate\\Http\\Request), Object(Illuminate\\Http\\JsonResponse))
#18 /var/www/html/vendor/laravel/framework/src/Illuminate/Foundation/Application.php(1222): Illuminate\\Foundation\\Http\\Kernel->terminate(Object(Illuminate\\Http\\Request), Object(Illuminate\\Http\\JsonResponse))
#19 /var/www/html/public/index.php(13): Illuminate\\Foundation\\Application->handleRequest(Object(Illuminate\\Http\\Request))
#20 {main}
"} 
[2026-09-18 15:41:38] local.ERROR: No application encryption key has been specified. {"exception":"[object] (Illuminate\\Encryption\\MissingAppKeyException(code: 0): No application encryption key has been specified. at /var/www/html/vendor/laravel/framework/src/Illuminate/Encryption/EncryptionServiceProvider.php:83)
[stacktrace]
#0 /var/www/html/vendor/laravel/framework/src/Illuminate/Support/helpers.php(393): Illuminate\\Encryption\\EncryptionServiceProvider->Illuminate\\Encryption\\{closure}(NULL)
#1 /var/www/html/vendor/laravel/framework/src/Illuminate/Encryption/EncryptionServiceProvider.php(81): tap(NULL, Object(Closure))
#2 /var/www/html/vendor/laravel/framework/src/Illuminate/Encryption/EncryptionServiceProvider.php(64): Illuminate\\Encryption\\EncryptionServiceProvider->key(Array)
#3 /var/www/html/vendor/laravel/framework/src/Illuminate/Encryption/EncryptionServiceProvider.php(32): Illuminate\\Encryption\\EncryptionServiceProvider->parseKey(Array)
#4 /var/www/html/vendor/laravel/framework/src/Illuminate/Container/Container.php(1115): Illuminate\\Encryption\\EncryptionServiceProvider->Illuminate\\Encryption\\{closure}(Object(Illuminate\\Foundation\\Application), Array)
#5 /var/www/html/vendor/laravel/framework/src/Illuminate/Container/Container.php(933): Illuminate\\Container\\Container->build(Object(Closure))
#6 /var/www/html/vendor/laravel/framework/src/Illuminate/Foundation/Application.php(1078): Illuminate\\Container\\Container->resolve('encrypter', Array, true)
#7 /var/www/html/vendor/laravel/framework/src/Illuminate/Container/Container.php(864): Illuminate\\Foundation\\Application->resolve('encrypter', Array)
#8 /var/www/html/vendor/laravel/framework/src/Illuminate/Foundation/Application.php(1058): Illuminate\\Container\\Container->make('encrypter', Array)
#9 /var/www/html/vendor/laravel/framework/src/Illuminate/Container/Container.php(1336): Illuminate\\Foundation\\Application->make('encrypter')
#10 /var/www/html/vendor/laravel/framework/src/Illuminate/Container/Container.php(1237): Illuminate\\Container\\Container->resolveClass(Object(ReflectionParameter), 'Illuminate\\\\Cont...')
#11 /var/www/html/vendor/laravel/framework/src/Illuminate/Container/Container.php(1162): Illuminate\\Container\\Container->resolveDependencies(Array)
#12 /var/www/html/vendor/laravel/framework/src/Illuminate/Container/Container.php(933): Illuminate\\Container\\Container->build('Illuminate\\\\Cook...')
#13 /var/www/html/vendor/laravel/framework/src/Illuminate/Foundation/Application.php(1078): Illuminate\\Container\\Container->resolve('Illuminate\\\\Cook...', Array, true)
#14 /var/www/html/vendor/laravel/framework/src/Illuminate/Container/Container.php(864): Illuminate\\Foundation\\Application->resolve('Illuminate\\\\Cook...', Array)
#15 /var/www/html/vendor/laravel/framework/src/Illuminate/Foundation/Application.php(1058): Illuminate\\Container\\Container->make('Illuminate\\\\Cook...', Array)
#16 /var/www/html/vendor/laravel/framework/src/Illuminate/Pipeline/Pipeline.php(208): Illuminate\\Foundation\\Application->make('Illuminate\\\\Cook...')
#17 /var/www/html/vendor/laravel/framework/src/Illuminate/Pipeline/Pipeline.php(137): Illuminate\\Pipeline\\Pipeline->Illuminate\\Pipeline\\{closure}(Object(Illuminate\\Http\\Request))
#18 /var/www/html/vendor/laravel/framework/src/Illuminate/Routing/Router.php(821): Illuminate\\Pipeline\\Pipeline->then(Object(Closure))
#19 /var/www/html/vendor/laravel/framework/src/Illuminate/Routing/Router.php(800): Illuminate\\Routing\\Router->runRouteWithinStack(Object(Illuminate\\Routing\\Route), Object(Illuminate\\Http\\Request))
#20 /var/www/html/vendor/laravel/framework/src/Illuminate/Routing/Router.php(764): Illuminate\\Routing\\Router->runRoute(Object(Illuminate\\Http\\Request), Object(Illuminate\\Routing\\Route))
#21 /var/www/html/vendor/laravel/framework/src/Illuminate/Routing/Router.php(753): Illuminate\\Routing\\Router->dispatchToRoute(Object(Illuminate\\Http\\Request))
#22 /var/www/html/vendor/laravel/framework/src/Illuminate/Foundation/Http/Kernel.php(200): Illuminate\\Routing\\Router->dispatch(Object(Illuminate\\Http\\Request))
#23 /var/www/html/vendor/laravel/framework/src/Illuminate/Pipeline/Pipeline.php(180): Illuminate\\Foundation\\Http\\Kernel->Illuminate\\Foundation\\Http\\{closure}(Object(Illuminate\\Http\\Request))
#24 /var/www/html/vendor/laravel/framework/src/Illuminate/Foundation/Http/Middleware/TransformsRequest.php(21): Illuminate\\Pipeline\\Pipeline->Illuminate\\Pipeline\\{closure}(Object(Illuminate\\Http\\Request))
#25 /var/www/html/vendor/laravel/framework/src/Illuminate/Foundation/Http/Middleware/ConvertEmptyStringsToNull.php(31): Illuminate\\Foundation\\Http\\Middleware\\TransformsRequest->handle(Object(Illuminate\\Http\\Request), Object(Closure))
#26 /var/www/html/vendor/laravel/framework/src/Illuminate/Pipeline/Pipeline.php(219): Illuminate\\Foundation\\Http\\Middleware\\ConvertEmptyStringsToNull->handle(Object(Illuminate\\Http\\Request), Object(Closure))
#27 /var/www/html/vendor/laravel/framework/src/Illuminate/Foundation/Http/Middleware/TransformsRequest.php(21): Illuminate\\Pipeline\\Pipeline->Illuminate\\Pipeline\\{closure}(Object(Illuminate\\Http\\Request))
#28 /var/www/html/vendor/laravel/framework/src/Illuminate/Foundation/Http/Middleware/TrimStrings.php(51): Illuminate\\Foundation\\Http\\Middleware\\TransformsRequest->handle(Object(Illuminate\\Http\\Request), Object(Closure))
#29 /var/www/html/vendor/laravel/framework/src/Illuminate/Pipeline/Pipeline.php(219): Illuminate\\Foundation\\Http\\Middleware\\TrimStrings->handle(Object(Illuminate\\Http\\Request), Object(Closure))
#30 /var/www/html/vendor/laravel/framework/src/Illuminate/Http/Middleware/ValidatePostSize.php(27): Illuminate\\Pipeline\\Pipeline->Illuminate\\Pipeline\\{closure}(Object(Illuminate\\Http\\Request))
#31 /var/www/html/vendor/laravel/framework/src/Illuminate/Pipeline/Pipeline.php(219): Illuminate\\Http\\Middleware\\ValidatePostSize->handle(Object(Illuminate\\Http\\Request), Object(Closure))
#32 /var/www/html/vendor/laravel/framework/src/Illuminate/Foundation/Http/Middleware/PreventRequestsDuringMaintenance.php(109): Illuminate\\Pipeline\\Pipeline->Illuminate\\Pipeline\\{closure}(Object(Illuminate\\Http\\Request))
#33 /var/www/html/vendor/laravel/framework/src/Illuminate/Pipeline/Pipeline.php(219): Illuminate\\Foundation\\Http\\Middleware\\PreventRequestsDuringMaintenance->handle(Object(Illuminate\\Http\\Request), Object(Closure))
#34 /var/www/html/vendor/laravel/framework/src/Illuminate/Http/Middleware/HandleCors.php(61): Illuminate\\Pipeline\\Pipeline->Illuminate\\Pipeline\\{closure}(Object(Illuminate\\Http\\Request))
#35 /var/www/html/vendor/laravel/framework/src/Illuminate/Pipeline/Pipeline.php(219): Illuminate\\Http\\Middleware\\HandleCors->handle(Object(Illuminate\\Http\\Request), Object(Closure))
#36 /var/www/html/vendor/laravel/framework/src/Illuminate/Http/Middleware/TrustProxies.php(58): Illuminate\\Pipeline\\Pipeline->Illuminate\\Pipeline\\{closure}(Object(Illuminate\\Http\\Request))
#37 /var/www/html/vendor/laravel/framework/src/Illuminate/Pipeline/Pipeline.php(219): Illuminate\\Http\\Middleware\\TrustProxies->handle(Object(Illuminate\\Http\\Request), Object(Closure))
#38 /var/www/html/vendor/laravel/framework/src/Illuminate/Foundation/Http/Middleware/InvokeDeferredCallbacks.php(22): Illuminate\\Pipeline\\Pipeline->Illuminate\\Pipeline\\{closure}(Object(Illuminate\\Http\\Request))
#39 /var/www/html/vendor/laravel/framework/src/Illuminate/Pipeline/Pipeline.php(219): Illuminate\\Foundation\\Http\\Middleware\\InvokeDeferredCallbacks->handle(Object(Illuminate\\Http\\Request), Object(Closure))
#40 /var/www/html/vendor/laravel/framework/src/Illuminate/Http/Middleware/ValidatePathEncoding.php(26): Illuminate\\Pipeline\\Pipeline->Illuminate\\Pipeline\\{closure}(Object(Illuminate\\Http\\Request))
#41 /var/www/html/vendor/laravel/framework/src/Illuminate/Pipeline/Pipeline.php(219): Illuminate\\Http\\Middleware\\ValidatePathEncoding->handle(Object(Illuminate\\Http\\Request), Object(Closure))
#42 /var/www/html/vendor/laravel/framework/src/Illuminate/Pipeline/Pipeline.php(137): Illuminate\\Pipeline\\Pipeline->Illuminate\\Pipeline\\{closure}(Object(Illuminate\\Http\\Request))
#43 /var/www/html/vendor/laravel/framework/src/Illuminate/Foundation/Http/Kernel.php(175): Illuminate\\Pipeline\\Pipeline->then(Object(Closure))
#44 /var/www/html/vendor/laravel/framework/src/Illuminate/Foundation/Http/Kernel.php(144): Illuminate\\Foundation\\Http\\Kernel->sendRequestThroughRouter(Object(Illuminate\\Http\\Request))
#45 /var/www/html/vendor/laravel/framework/src/Illuminate/Foundation/Application.php(1220): Illuminate\\Foundation\\Http\\Kernel->handle(Object(Illuminate\\Http\\Request))
#46 /var/www/html/public/index.php(13): Illuminate\\Foundation\\Application->handleRequest(Object(Illuminate\\Http\\Request))
#47 {main}
"} 
[2026-09-18 15:41:38] local.ERROR: No application encryption key has been specified. {"exception":"[object] (Illuminate\\Encryption\\MissingAppKeyException(code: 0): No application encryption key has been specified. at /var/www/html/vendor/laravel/framework/src/Illuminate/Encryption/EncryptionServiceProvider.php:83)
[stacktrace]
#0 /var/www/html/vendor/laravel/framework/src/Illuminate/Support/helpers.php(393): Illuminate\\Encryption\\EncryptionServiceProvider->Illuminate\\Encryption\\{closure}(NULL)
#1 /var/www/html/vendor/laravel/framework/src/Illuminate/Encryption/EncryptionServiceProvider.php(81): tap(NULL, Object(Closure))
#2 /var/www/html/vendor/laravel/framework/src/Illuminate/Encryption/EncryptionServiceProvider.php(64): Illuminate\\Encryption\\EncryptionServiceProvider->key(Array)
#3 /var/www/html/vendor/laravel/framework/src/Illuminate/Encryption/EncryptionServiceProvider.php(32): Illuminate\\Encryption\\EncryptionServiceProvider->parseKey(Array)
#4 /var/www/html/vendor/laravel/framework/src/Illuminate/Container/Container.php(1115): Illuminate\\Encryption\\EncryptionServiceProvider->Illuminate\\Encryption\\{closure}(Object(Illuminate\\Foundation\\Application), Array)
#5 /var/www/html/vendor/laravel/framework/src/Illuminate/Container/Container.php(933): Illuminate\\Container\\Container->build(Object(Closure))
#6 /var/www/html/vendor/laravel/framework/src/Illuminate/Foundation/Application.php(1078): Illuminate\\Container\\Container->resolve('encrypter', Array, true)
#7 /var/www/html/vendor/laravel/framework/src/Illuminate/Container/Container.php(864): Illuminate\\Foundation\\Application->resolve('encrypter', Array)
#8 /var/www/html/vendor/laravel/framework/src/Illuminate/Foundation/Application.php(1058): Illuminate\\Container\\Container->make('encrypter', Array)
#9 /var/www/html/vendor/laravel/framework/src/Illuminate/Container/Container.php(1336): Illuminate\\Foundation\\Application->make('encrypter')
#10 /var/www/html/vendor/laravel/framework/src/Illuminate/Container/Container.php(1237): Illuminate\\Container\\Container->resolveClass(Object(ReflectionParameter), 'Illuminate\\\\Cont...')
#11 /var/www/html/vendor/laravel/framework/src/Illuminate/Container/Container.php(1162): Illuminate\\Container\\Container->resolveDependencies(Array)
#12 /var/www/html/vendor/laravel/framework/src/Illuminate/Container/Container.php(933): Illuminate\\Container\\Container->build('Illuminate\\\\Cook...')
#13 /var/www/html/vendor/laravel/framework/src/Illuminate/Foundation/Application.php(1078): Illuminate\\Container\\Container->resolve('Illuminate\\\\Cook...', Array, true)
#14 /var/www/html/vendor/laravel/framework/src/Illuminate/Container/Container.php(864): Illuminate\\Foundation\\Application->resolve('Illuminate\\\\Cook...', Array)
#15 /var/www/html/vendor/laravel/framework/src/Illuminate/Foundation/Application.php(1058): Illuminate\\Container\\Container->make('Illuminate\\\\Cook...', Array)
#16 /var/www/html/vendor/laravel/framework/src/Illuminate/Foundation/Http/Kernel.php(257): Illuminate\\Foundation\\Application->make('Illuminate\\\\Cook...')
#17 /var/www/html/vendor/laravel/framework/src/Illuminate/Foundation/Http/Kernel.php(215): Illuminate\\Foundation\\Http\\Kernel->terminateMiddleware(Object(Illuminate\\Http\\Request), Object(Illuminate\\Http\\JsonResponse))
#18 /var/www/html/vendor/laravel/framework/src/Illuminate/Foundation/Application.php(1222): Illuminate\\Foundation\\Http\\Kernel->terminate(Object(Illuminate\\Http\\Request), Object(Illuminate\\Http\\JsonResponse))
#19 /var/www/html/public/index.php(13): Illuminate\\Foundation\\Application->handleRequest(Object(Illuminate\\Http\\Request))
#20 {main}
"} 
[2026-09-18 15:42:05] local.ERROR: Database file at path [/var/www/html/database/database.sqlite] does not exist. Ensure this is an absolute path to the database. (Connection: sqlite, Database: /var/www/html/database/database.sqlite, SQL: select * from "sessions" where "id" = Yf4Tq11FUf7IBJMvL3mhncQHWlAx2FXwWnjs6s1F limit 1) {"exception":"[object] (Illuminate\\Database\\QueryException(code: 0): Database file at path [/var/www/html/database/database.sqlite] does not exist. Ensure this is an absolute path to the database. (Connection: sqlite, Database: /var/www/html/database/database.sqlite, SQL: select * from \"sessions\" where \"id\" = Yf4Tq11FUf7IBJMvL3mhncQHWlAx2FXwWnjs6s1F limit 1) at /var/www/html/vendor/laravel/framework/src/Illuminate/Database/Connection.php:838)
[stacktrace]
#0 /var/www/html/vendor/laravel/framework/src/Illuminate/Database/Connection.php(794): Illuminate\\Database\\Connection->runQueryCallback('select * from \"...', Array, Object(Closure))
#1 /var/www/html/vendor/laravel/framework/src/Illuminate/Database/Connection.php(411): Illuminate\\Database\\Connection->run('select * from \"...', Array, Object(Closure))
#2 /var/www/html/vendor/laravel/framework/src/Illuminate/Database/Query/Builder.php(3505): Illuminate\\Database\\Connection->select('select * from \"...', Array, false)
#3 /var/www/html/vendor/laravel/framework/src/Illuminate/Database/Query/Builder.php(3490): Illuminate\\Database\\Query\\Builder->runSelect()
#4 /var/www/html/vendor/laravel/framework/src/Illuminate/Database/Query/Builder.php(4080): Illuminate\\Database\\Query\\Builder->Illuminate\\Database\\Query\\{closure}()
#5 /var/www/html/vendor/laravel/framework/src/Illuminate/Database/Query/Builder.php(3489): Illuminate\\Database\\Query\\Builder->onceWithColumns(Array, Object(Closure))
#6 /var/www/html/vendor/laravel/framework/src/Illuminate/Database/Concerns/BuildsQueries.php(366): Illuminate\\Database\\Query\\Builder->get(Array)
#7 /var/www/html/vendor/laravel/framework/src/Illuminate/Database/Query/Builder.php(3412): Illuminate\\Database\\Query\\Builder->first(Array)
#8 /var/www/html/vendor/laravel/framework/src/Illuminate/Session/DatabaseSessionHandler.php(96): Illuminate\\Database\\Query\\Builder->find('Yf4Tq11FUf7IBJM...')
#9 /var/www/html/vendor/laravel/framework/src/Illuminate/Session/Store.php(128): Illuminate\\Session\\DatabaseSessionHandler->read('Yf4Tq11FUf7IBJM...')
#10 /var/www/html/vendor/laravel/framework/src/Illuminate/Session/Store.php(116): Illuminate\\Session\\Store->readFromHandler()
#11 /var/www/html/vendor/laravel/framework/src/Illuminate/Session/Store.php(100): Illuminate\\Session\\Store->loadSession()
#12 /var/www/html/vendor/laravel/framework/src/Illuminate/Session/Middleware/StartSession.php(146): Illuminate\\Session\\Store->start()
#13 /var/www/html/vendor/laravel/framework/src/Illuminate/Support/helpers.php(393): Illuminate\\Session\\Middleware\\StartSession->Illuminate\\Session\\Middleware\\{closure}(Object(Illuminate\\Session\\Store))
#14 /var/www/html/vendor/laravel/framework/src/Illuminate/Session/Middleware/StartSession.php(143): tap(Object(Illuminate\\Session\\Store), Object(Closure))
#15 /var/www/html/vendor/laravel/framework/src/Illuminate/Session/Middleware/StartSession.php(115): Illuminate\\Session\\Middleware\\StartSession->startSession(Object(Illuminate\\Http\\Request), Object(Illuminate\\Session\\Store))
#16 /var/www/html/vendor/laravel/framework/src/Illuminate/Session/Middleware/StartSession.php(63): Illuminate\\Session\\Middleware\\StartSession->handleStatefulRequest(Object(Illuminate\\Http\\Request), Object(Illuminate\\Session\\Store), Object(Closure))
#17 /var/www/html/vendor/laravel/framework/src/Illuminate/Pipeline/Pipeline.php(219): Illuminate\\Session\\Middleware\\StartSession->handle(Object(Illuminate\\Http\\Request), Object(Closure))
#18 /var/www/html/vendor/laravel/framework/src/Illuminate/Cookie/Middleware/AddQueuedCookiesToResponse.php(36): Illuminate\\Pipeline\\Pipeline->Illuminate\\Pipeline\\{closure}(Object(Illuminate\\Http\\Request))
#19 /var/www/html/vendor/laravel/framework/src/Illuminate/Pipeline/Pipeline.php(219): Illuminate\\Cookie\\Middleware\\AddQueuedCookiesToResponse->handle(Object(Illuminate\\Http\\Request), Object(Closure))
#20 /var/www/html/vendor/laravel/framework/src/Illuminate/Cookie/Middleware/EncryptCookies.php(74): Illuminate\\Pipeline\\Pipeline->Illuminate\\Pipeline\\{closure}(Object(Illuminate\\Http\\Request))
#21 /var/www/html/vendor/laravel/framework/src/Illuminate/Pipeline/Pipeline.php(219): Illuminate\\Cookie\\Middleware\\EncryptCookies->handle(Object(Illuminate\\Http\\Request), Object(Closure))
#22 /var/www/html/vendor/laravel/framework/src/Illuminate/Pipeline/Pipeline.php(137): Illuminate\\Pipeline\\Pipeline->Illuminate\\Pipeline\\{closure}(Object(Illuminate\\Http\\Request))
#23 /var/www/html/vendor/laravel/framework/src/Illuminate/Routing/Router.php(821): Illuminate\\Pipeline\\Pipeline->then(Object(Closure))
#24 /var/www/html/vendor/laravel/framework/src/Illuminate/Routing/Router.php(800): Illuminate\\Routing\\Router->runRouteWithinStack(Object(Illuminate\\Routing\\Route), Object(Illuminate\\Http\\Request))
#25 /var/www/html/vendor/laravel/framework/src/Illuminate/Routing/Router.php(764): Illuminate\\Routing\\Router->runRoute(Object(Illuminate\\Http\\Request), Object(Illuminate\\Routing\\Route))
#26 /var/www/html/vendor/laravel/framework/src/Illuminate/Routing/Router.php(753): Illuminate\\Routing\\Router->dispatchToRoute(Object(Illuminate\\Http\\Request))
#27 /var/www/html/vendor/laravel/framework/src/Illuminate/Foundation/Http/Kernel.php(200): Illuminate\\Routing\\Router->dispatch(Object(Illuminate\\Http\\Request))
#28 /var/www/html/vendor/laravel/framework/src/Illuminate/Pipeline/Pipeline.php(180): Illuminate\\Foundation\\Http\\Kernel->Illuminate\\Foundation\\Http\\{closure}(Object(Illuminate\\Http\\Request))
#29 /var/www/html/vendor/laravel/framework/src/Illuminate/Foundation/Http/Middleware/TransformsRequest.php(21): Illuminate\\Pipeline\\Pipeline->Illuminate\\Pipeline\\{closure}(Object(Illuminate\\Http\\Request))
#30 /var/www/html/vendor/laravel/framework/src/Illuminate/Foundation/Http/Middleware/ConvertEmptyStringsToNull.php(31): Illuminate\\Foundation\\Http\\Middleware\\TransformsRequest->handle(Object(Illuminate\\Http\\Request), Object(Closure))
#31 /var/www/html/vendor/laravel/framework/src/Illuminate/Pipeline/Pipeline.php(219): Illuminate\\Foundation\\Http\\Middleware\\ConvertEmptyStringsToNull->handle(Object(Illuminate\\Http\\Request), Object(Closure))
#32 /var/www/html/vendor/laravel/framework/src/Illuminate/Foundation/Http/Middleware/TransformsRequest.php(21): Illuminate\\Pipeline\\Pipeline->Illuminate\\Pipeline\\{closure}(Object(Illuminate\\Http\\Request))
#33 /var/www/html/vendor/laravel/framework/src/Illuminate/Foundation/Http/Middleware/TrimStrings.php(51): Illuminate\\Foundation\\Http\\Middleware\\TransformsRequest->handle(Object(Illuminate\\Http\\Request), Object(Closure))
#34 /var/www/html/vendor/laravel/framework/src/Illuminate/Pipeline/Pipeline.php(219): Illuminate\\Foundation\\Http\\Middleware\\TrimStrings->handle(Object(Illuminate\\Http\\Request), Object(Closure))
#35 /var/www/html/vendor/laravel/framework/src/Illuminate/Http/Middleware/ValidatePostSize.php(27): Illuminate\\Pipeline\\Pipeline->Illuminate\\Pipeline\\{closure}(Object(Illuminate\\Http\\Request))
#36 /var/www/html/vendor/laravel/framework/src/Illuminate/Pipeline/Pipeline.php(219): Illuminate\\Http\\Middleware\\ValidatePostSize->handle(Object(Illuminate\\Http\\Request), Object(Closure))
#37 /var/www/html/vendor/laravel/framework/src/Illuminate/Foundation/Http/Middleware/PreventRequestsDuringMaintenance.php(109): Illuminate\\Pipeline\\Pipeline->Illuminate\\Pipeline\\{closure}(Object(Illuminate\\Http\\Request))
#38 /var/www/html/vendor/laravel/framework/src/Illuminate/Pipeline/Pipeline.php(219): Illuminate\\Foundation\\Http\\Middleware\\PreventRequestsDuringMaintenance->handle(Object(Illuminate\\Http\\Request), Object(Closure))
#39 /var/www/html/vendor/laravel/framework/src/Illuminate/Http/Middleware/HandleCors.php(61): Illuminate\\Pipeline\\Pipeline->Illuminate\\Pipeline\\{closure}(Object(Illuminate\\Http\\Request))
#40 /var/www/html/vendor/laravel/framework/src/Illuminate/Pipeline/Pipeline.php(219): Illuminate\\Http\\Middleware\\HandleCors->handle(Object(Illuminate\\Http\\Request), Object(Closure))
#41 /var/www/html/vendor/laravel/framework/src/Illuminate/Http/Middleware/TrustProxies.php(58): Illuminate\\Pipeline\\Pipeline->Illuminate\\Pipeline\\{closure}(Object(Illuminate\\Http\\Request))
#42 /var/www/html/vendor/laravel/framework/src/Illuminate/Pipeline/Pipeline.php(219): Illuminate\\Http\\Middleware\\TrustProxies->handle(Object(Illuminate\\Http\\Request), Object(Closure))
#43 /var/www/html/vendor/laravel/framework/src/Illuminate/Foundation/Http/Middleware/InvokeDeferredCallbacks.php(22): Illuminate\\Pipeline\\Pipeline->Illuminate\\Pipeline\\{closure}(Object(Illuminate\\Http\\Request))
#44 /var/www/html/vendor/laravel/framework/src/Illuminate/Pipeline/Pipeline.php(219): Illuminate\\Foundation\\Http\\Middleware\\InvokeDeferredCallbacks->handle(Object(Illuminate\\Http\\Request), Object(Closure))
#45 /var/www/html/vendor/laravel/framework/src/Illuminate/Http/Middleware/ValidatePathEncoding.php(26): Illuminate\\Pipeline\\Pipeline->Illuminate\\Pipeline\\{closure}(Object(Illuminate\\Http\\Request))
#46 /var/www/html/vendor/laravel/framework/src/Illuminate/Pipeline/Pipeline.php(219): Illuminate\\Http\\Middleware\\ValidatePathEncoding->handle(Object(Illuminate\\Http\\Request), Object(Closure))
#47 /var/www/html/vendor/laravel/framework/src/Illuminate/Pipeline/Pipeline.php(137): Illuminate\\Pipeline\\Pipeline->Illuminate\\Pipeline\\{closure}(Object(Illuminate\\Http\\Request))
#48 /var/www/html/vendor/laravel/framework/src/Illuminate/Foundation/Http/Kernel.php(175): Illuminate\\Pipeline\\Pipeline->then(Object(Closure))
#49 /var/www/html/vendor/laravel/framework/src/Illuminate/Foundation/Http/Kernel.php(144): Illuminate\\Foundation\\Http\\Kernel->sendRequestThroughRouter(Object(Illuminate\\Http\\Request))
#50 /var/www/html/vendor/laravel/framework/src/Illuminate/Foundation/Application.php(1220): Illuminate\\Foundation\\Http\\Kernel->handle(Object(Illuminate\\Http\\Request))
#51 /var/www/html/public/index.php(13): Illuminate\\Foundation\\Application->handleRequest(Object(Illuminate\\Http\\Request))
#52 {main}

[previous exception] [object] (Illuminate\\Database\\SQLiteDatabaseDoesNotExistException(code: 0): Database file at path [/var/www/html/database/database.sqlite] does not exist. Ensure this is an absolute path to the database. at /var/www/html/vendor/laravel/framework/src/Illuminate/Database/Connectors/SQLiteConnector.php:60)
[stacktrace]
#0 /var/www/html/vendor/laravel/framework/src/Illuminate/Database/Connectors/SQLiteConnector.php(19): Illuminate\\Database\\Connectors\\SQLiteConnector->parseDatabasePath(false)
#1 /var/www/html/vendor/laravel/framework/src/Illuminate/Database/Connectors/ConnectionFactory.php(225): Illuminate\\Database\\Connectors\\SQLiteConnector->connect(Array)
#2 [internal function]: Illuminate\\Database\\Connectors\\ConnectionFactory->Illuminate\\Database\\Connectors\\{closure}()
#3 /var/www/html/vendor/laravel/framework/src/Illuminate/Database/Connection.php(1257): call_user_func(Object(Closure))
#4 /var/www/html/vendor/laravel/framework/src/Illuminate/Database/Connection.php(525): Illuminate\\Database\\Connection->getPdo()
#5 /var/www/html/vendor/laravel/framework/src/Illuminate/Database/Connection.php(420): Illuminate\\Database\\Connection->getPdoForSelect(false)
#6 /var/www/html/vendor/laravel/framework/src/Illuminate/Database/Connection.php(827): Illuminate\\Database\\Connection->Illuminate\\Database\\{closure}('select * from \"...', Array)
#7 /var/www/html/vendor/laravel/framework/src/Illuminate/Database/Connection.php(794): Illuminate\\Database\\Connection->runQueryCallback('select * from \"...', Array, Object(Closure))
#8 /var/www/html/vendor/laravel/framework/src/Illuminate/Database/Connection.php(411): Illuminate\\Database\\Connection->run('select * from \"...', Array, Object(Closure))
#9 /var/www/html/vendor/laravel/framework/src/Illuminate/Database/Query/Builder.php(3505): Illuminate\\Database\\Connection->select('select * from \"...', Array, false)
#10 /var/www/html/vendor/laravel/framework/src/Illuminate/Database/Query/Builder.php(3490): Illuminate\\Database\\Query\\Builder->runSelect()
#11 /var/www/html/vendor/laravel/framework/src/Illuminate/Database/Query/Builder.php(4080): Illuminate\\Database\\Query\\Builder->Illuminate\\Database\\Query\\{closure}()
#12 /var/www/html/vendor/laravel/framework/src/Illuminate/Database/Query/Builder.php(3489): Illuminate\\Database\\Query\\Builder->onceWithColumns(Array, Object(Closure))
#13 /var/www/html/vendor/laravel/framework/src/Illuminate/Database/Concerns/BuildsQueries.php(366): Illuminate\\Database\\Query\\Builder->get(Array)
#14 /var/www/html/vendor/laravel/framework/src/Illuminate/Database/Query/Builder.php(3412): Illuminate\\Database\\Query\\Builder->first(Array)
#15 /var/www/html/vendor/laravel/framework/src/Illuminate/Session/DatabaseSessionHandler.php(96): Illuminate\\Database\\Query\\Builder->find('Yf4Tq11FUf7IBJM...')
#16 /var/www/html/vendor/laravel/framework/src/Illuminate/Session/Store.php(128): Illuminate\\Session\\DatabaseSessionHandler->read('Yf4Tq11FUf7IBJM...')
#17 /var/www/html/vendor/laravel/framework/src/Illuminate/Session/Store.php(116): Illuminate\\Session\\Store->readFromHandler()
#18 /var/www/html/vendor/laravel/framework/src/Illuminate/Session/Store.php(100): Illuminate\\Session\\Store->loadSession()
#19 /var/www/html/vendor/laravel/framework/src/Illuminate/Session/Middleware/StartSession.php(146): Illuminate\\Session\\Store->start()
#20 /var/www/html/vendor/laravel/framework/src/Illuminate/Support/helpers.php(393): Illuminate\\Session\\Middleware\\StartSession->Illuminate\\Session\\Middleware\\{closure}(Object(Illuminate\\Session\\Store))
#21 /var/www/html/vendor/laravel/framework/src/Illuminate/Session/Middleware/StartSession.php(143): tap(Object(Illuminate\\Session\\Store), Object(Closure))
#22 /var/www/html/vendor/laravel/framework/src/Illuminate/Session/Middleware/StartSession.php(115): Illuminate\\Session\\Middleware\\StartSession->startSession(Object(Illuminate\\Http\\Request), Object(Illuminate\\Session\\Store))
#23 /var/www/html/vendor/laravel/framework/src/Illuminate/Session/Middleware/StartSession.php(63): Illuminate\\Session\\Middleware\\StartSession->handleStatefulRequest(Object(Illuminate\\Http\\Request), Object(Illuminate\\Session\\Store), Object(Closure))
#24 /var/www/html/vendor/laravel/framework/src/Illuminate/Pipeline/Pipeline.php(219): Illuminate\\Session\\Middleware\\StartSession->handle(Object(Illuminate\\Http\\Request), Object(Closure))
#25 /var/www/html/vendor/laravel/framework/src/Illuminate/Cookie/Middleware/AddQueuedCookiesToResponse.php(36): Illuminate\\Pipeline\\Pipeline->Illuminate\\Pipeline\\{closure}(Object(Illuminate\\Http\\Request))
#26 /var/www/html/vendor/laravel/framework/src/Illuminate/Pipeline/Pipeline.php(219): Illuminate\\Cookie\\Middleware\\AddQueuedCookiesToResponse->handle(Object(Illuminate\\Http\\Request), Object(Closure))
#27 /var/www/html/vendor/laravel/framework/src/Illuminate/Cookie/Middleware/EncryptCookies.php(74): Illuminate\\Pipeline\\Pipeline->Illuminate\\Pipeline\\{closure}(Object(Illuminate\\Http\\Request))
#28 /var/www/html/vendor/laravel/framework/src/Illuminate/Pipeline/Pipeline.php(219): Illuminate\\Cookie\\Middleware\\EncryptCookies->handle(Object(Illuminate\\Http\\Request), Object(Closure))
#29 /var/www/html/vendor/laravel/framework/src/Illuminate/Pipeline/Pipeline.php(137): Illuminate\\Pipeline\\Pipeline->Illuminate\\Pipeline\\{closure}(Object(Illuminate\\Http\\Request))
#30 /var/www/html/vendor/laravel/framework/src/Illuminate/Routing/Router.php(821): Illuminate\\Pipeline\\Pipeline->then(Object(Closure))
#31 /var/www/html/vendor/laravel/framework/src/Illuminate/Routing/Router.php(800): Illuminate\\Routing\\Router->runRouteWithinStack(Object(Illuminate\\Routing\\Route), Object(Illuminate\\Http\\Request))
#32 /var/www/html/vendor/laravel/framework/src/Illuminate/Routing/Router.php(764): Illuminate\\Routing\\Router->runRoute(Object(Illuminate\\Http\\Request), Object(Illuminate\\Routing\\Route))
#33 /var/www/html/vendor/laravel/framework/src/Illuminate/Routing/Router.php(753): Illuminate\\Routing\\Router->dispatchToRoute(Object(Illuminate\\Http\\Request))
#34 /var/www/html/vendor/laravel/framework/src/Illuminate/Foundation/Http/Kernel.php(200): Illuminate\\Routing\\Router->dispatch(Object(Illuminate\\Http\\Request))
#35 /var/www/html/vendor/laravel/framework/src/Illuminate/Pipeline/Pipeline.php(180): Illuminate\\Foundation\\Http\\Kernel->Illuminate\\Foundation\\Http\\{closure}(Object(Illuminate\\Http\\Request))
#36 /var/www/html/vendor/laravel/framework/src/Illuminate/Foundation/Http/Middleware/TransformsRequest.php(21): Illuminate\\Pipeline\\Pipeline->Illuminate\\Pipeline\\{closure}(Object(Illuminate\\Http\\Request))
#37 /var/www/html/vendor/laravel/framework/src/Illuminate/Foundation/Http/Middleware/ConvertEmptyStringsToNull.php(31): Illuminate\\Foundation\\Http\\Middleware\\TransformsRequest->handle(Object(Illuminate\\Http\\Request), Object(Closure))
#38 /var/www/html/vendor/laravel/framework/src/Illuminate/Pipeline/Pipeline.php(219): Illuminate\\Foundation\\Http\\Middleware\\ConvertEmptyStringsToNull->handle(Object(Illuminate\\Http\\Request), Object(Closure))
#39 /var/www/html/vendor/laravel/framework/src/Illuminate/Foundation/Http/Middleware/TransformsRequest.php(21): Illuminate\\Pipeline\\Pipeline->Illuminate\\Pipeline\\{closure}(Object(Illuminate\\Http\\Request))
#40 /var/www/html/vendor/laravel/framework/src/Illuminate/Foundation/Http/Middleware/TrimStrings.php(51): Illuminate\\Foundation\\Http\\Middleware\\TransformsRequest->handle(Object(Illuminate\\Http\\Request), Object(Closure))
#41 /var/www/html/vendor/laravel/framework/src/Illuminate/Pipeline/Pipeline.php(219): Illuminate\\Foundation\\Http\\Middleware\\TrimStrings->handle(Object(Illuminate\\Http\\Request), Object(Closure))
#42 /var/www/html/vendor/laravel/framework/src/Illuminate/Http/Middleware/ValidatePostSize.php(27): Illuminate\\Pipeline\\Pipeline->Illuminate\\Pipeline\\{closure}(Object(Illuminate\\Http\\Request))
#43 /var/www/html/vendor/laravel/framework/src/Illuminate/Pipeline/Pipeline.php(219): Illuminate\\Http\\Middleware\\ValidatePostSize->handle(Object(Illuminate\\Http\\Request), Object(Closure))
#44 /var/www/html/vendor/laravel/framework/src/Illuminate/Foundation/Http/Middleware/PreventRequestsDuringMaintenance.php(109): Illuminate\\Pipeline\\Pipeline->Illuminate\\Pipeline\\{closure}(Object(Illuminate\\Http\\Request))
#45 /var/www/html/vendor/laravel/framework/src/Illuminate/Pipeline/Pipeline.php(219): Illuminate\\Foundation\\Http\\Middleware\\PreventRequestsDuringMaintenance->handle(Object(Illuminate\\Http\\Request), Object(Closure))
#46 /var/www/html/vendor/laravel/framework/src/Illuminate/Http/Middleware/HandleCors.php(61): Illuminate\\Pipeline\\Pipeline->Illuminate\\Pipeline\\{closure}(Object(Illuminate\\Http\\Request))
#47 /var/www/html/vendor/laravel/framework/src/Illuminate/Pipeline/Pipeline.php(219): Illuminate\\Http\\Middleware\\HandleCors->handle(Object(Illuminate\\Http\\Request), Object(Closure))
#48 /var/www/html/vendor/laravel/framework/src/Illuminate/Http/Middleware/TrustProxies.php(58): Illuminate\\Pipeline\\Pipeline->Illuminate\\Pipeline\\{closure}(Object(Illuminate\\Http\\Request))
#49 /var/www/html/vendor/laravel/framework/src/Illuminate/Pipeline/Pipeline.php(219): Illuminate\\Http\\Middleware\\TrustProxies->handle(Object(Illuminate\\Http\\Request), Object(Closure))
#50 /var/www/html/vendor/laravel/framework/src/Illuminate/Foundation/Http/Middleware/InvokeDeferredCallbacks.php(22): Illuminate\\Pipeline\\Pipeline->Illuminate\\Pipeline\\{closure}(Object(Illuminate\\Http\\Request))
#51 /var/www/html/vendor/laravel/framework/src/Illuminate/Pipeline/Pipeline.php(219): Illuminate\\Foundation\\Http\\Middleware\\InvokeDeferredCallbacks->handle(Object(Illuminate\\Http\\Request), Object(Closure))
#52 /var/www/html/vendor/laravel/framework/src/Illuminate/Http/Middleware/ValidatePathEncoding.php(26): Illuminate\\Pipeline\\Pipeline->Illuminate\\Pipeline\\{closure}(Object(Illuminate\\Http\\Request))
#53 /var/www/html/vendor/laravel/framework/src/Illuminate/Pipeline/Pipeline.php(219): Illuminate\\Http\\Middleware\\ValidatePathEncoding->handle(Object(Illuminate\\Http\\Request), Object(Closure))
#54 /var/www/html/vendor/laravel/framework/src/Illuminate/Pipeline/Pipeline.php(137): Illuminate\\Pipeline\\Pipeline->Illuminate\\Pipeline\\{closure}(Object(Illuminate\\Http\\Request))
#55 /var/www/html/vendor/laravel/framework/src/Illuminate/Foundation/Http/Kernel.php(175): Illuminate\\Pipeline\\Pipeline->then(Object(Closure))
#56 /var/www/html/vendor/laravel/framework/src/Illuminate/Foundation/Http/Kernel.php(144): Illuminate\\Foundation\\Http\\Kernel->sendRequestThroughRouter(Object(Illuminate\\Http\\Request))
#57 /var/www/html/vendor/laravel/framework/src/Illuminate/Foundation/Application.php(1220): Illuminate\\Foundation\\Http\\Kernel->handle(Object(Illuminate\\Http\\Request))
#58 /var/www/html/public/index.php(13): Illuminate\\Foundation\\Application->handleRequest(Object(Illuminate\\Http\\Request))
#59 {main}
"} 
[2026-09-18 15:42:05] local.ERROR: Call to a member function send() on null {"exception":"[object] (Error(code: 0): Call to a member function send() on null at /var/www/html/public/index.php:14)
[stacktrace]
#0 {main}
"} 
[2026-09-18 15:42:05] local.ERROR: Database file at path [/var/www/html/database/database.sqlite] does not exist. Ensure this is an absolute path to the database. (Connection: sqlite, Database: /var/www/html/database/database.sqlite, SQL: select * from "sessions" where "id" = TZSuERaZN23FqIYfXwTEFq9MGlGhlLfoiuq1FiOJ limit 1) {"exception":"[object] (Illuminate\\Database\\QueryException(code: 0): Database file at path [/var/www/html/database/database.sqlite] does not exist. Ensure this is an absolute path to the database. (Connection: sqlite, Database: /var/www/html/database/database.sqlite, SQL: select * from \"sessions\" where \"id\" = TZSuERaZN23FqIYfXwTEFq9MGlGhlLfoiuq1FiOJ limit 1) at /var/www/html/vendor/laravel/framework/src/Illuminate/Database/Connection.php:838)
[stacktrace]
#0 /var/www/html/vendor/laravel/framework/src/Illuminate/Database/Connection.php(794): Illuminate\\Database\\Connection->runQueryCallback('select * from \"...', Array, Object(Closure))
#1 /var/www/html/vendor/laravel/framework/src/Illuminate/Database/Connection.php(411): Illuminate\\Database\\Connection->run('select * from \"...', Array, Object(Closure))
#2 /var/www/html/vendor/laravel/framework/src/Illuminate/Database/Query/Builder.php(3505): Illuminate\\Database\\Connection->select('select * from \"...', Array, false)
#3 /var/www/html/vendor/laravel/framework/src/Illuminate/Database/Query/Builder.php(3490): Illuminate\\Database\\Query\\Builder->runSelect()
#4 /var/www/html/vendor/laravel/framework/src/Illuminate/Database/Query/Builder.php(4080): Illuminate\\Database\\Query\\Builder->Illuminate\\Database\\Query\\{closure}()
#5 /var/www/html/vendor/laravel/framework/src/Illuminate/Database/Query/Builder.php(3489): Illuminate\\Database\\Query\\Builder->onceWithColumns(Array, Object(Closure))
#6 /var/www/html/vendor/laravel/framework/src/Illuminate/Database/Concerns/BuildsQueries.php(366): Illuminate\\Database\\Query\\Builder->get(Array)
#7 /var/www/html/vendor/laravel/framework/src/Illuminate/Database/Query/Builder.php(3412): Illuminate\\Database\\Query\\Builder->first(Array)
#8 /var/www/html/vendor/laravel/framework/src/Illuminate/Session/DatabaseSessionHandler.php(96): Illuminate\\Database\\Query\\Builder->find('TZSuERaZN23FqIY...')
#9 /var/www/html/vendor/laravel/framework/src/Illuminate/Session/Store.php(128): Illuminate\\Session\\DatabaseSessionHandler->read('TZSuERaZN23FqIY...')
#10 /var/www/html/vendor/laravel/framework/src/Illuminate/Session/Store.php(116): Illuminate\\Session\\Store->readFromHandler()
#11 /var/www/html/vendor/laravel/framework/src/Illuminate/Session/Store.php(100): Illuminate\\Session\\Store->loadSession()
#12 /var/www/html/vendor/laravel/framework/src/Illuminate/Session/Middleware/StartSession.php(146): Illuminate\\Session\\Store->start()
#13 /var/www/html/vendor/laravel/framework/src/Illuminate/Support/helpers.php(393): Illuminate\\Session\\Middleware\\StartSession->Illuminate\\Session\\Middleware\\{closure}(Object(Illuminate\\Session\\Store))
#14 /var/www/html/vendor/laravel/framework/src/Illuminate/Session/Middleware/StartSession.php(143): tap(Object(Illuminate\\Session\\Store), Object(Closure))
#15 /var/www/html/vendor/laravel/framework/src/Illuminate/Session/Middleware/StartSession.php(115): Illuminate\\Session\\Middleware\\StartSession->startSession(Object(Illuminate\\Http\\Request), Object(Illuminate\\Session\\Store))
#16 /var/www/html/vendor/laravel/framework/src/Illuminate/Session/Middleware/StartSession.php(63): Illuminate\\Session\\Middleware\\StartSession->handleStatefulRequest(Object(Illuminate\\Http\\Request), Object(Illuminate\\Session\\Store), Object(Closure))
#17 /var/www/html/vendor/laravel/framework/src/Illuminate/Pipeline/Pipeline.php(219): Illuminate\\Session\\Middleware\\StartSession->handle(Object(Illuminate\\Http\\Request), Object(Closure))
#18 /var/www/html/vendor/laravel/framework/src/Illuminate/Cookie/Middleware/AddQueuedCookiesToResponse.php(36): Illuminate\\Pipeline\\Pipeline->Illuminate\\Pipeline\\{closure}(Object(Illuminate\\Http\\Request))
#19 /var/www/html/vendor/laravel/framework/src/Illuminate/Pipeline/Pipeline.php(219): Illuminate\\Cookie\\Middleware\\AddQueuedCookiesToResponse->handle(Object(Illuminate\\Http\\Request), Object(Closure))
#20 /var/www/html/vendor/laravel/framework/src/Illuminate/Cookie/Middleware/EncryptCookies.php(74): Illuminate\\Pipeline\\Pipeline->Illuminate\\Pipeline\\{closure}(Object(Illuminate\\Http\\Request))
#21 /var/www/html/vendor/laravel/framework/src/Illuminate/Pipeline/Pipeline.php(219): Illuminate\\Cookie\\Middleware\\EncryptCookies->handle(Object(Illuminate\\Http\\Request), Object(Closure))
#22 /var/www/html/vendor/laravel/framework/src/Illuminate/Pipeline/Pipeline.php(137): Illuminate\\Pipeline\\Pipeline->Illuminate\\Pipeline\\{closure}(Object(Illuminate\\Http\\Request))
#23 /var/www/html/vendor/laravel/framework/src/Illuminate/Routing/Router.php(821): Illuminate\\Pipeline\\Pipeline->then(Object(Closure))
#24 /var/www/html/vendor/laravel/framework/src/Illuminate/Routing/Router.php(800): Illuminate\\Routing\\Router->runRouteWithinStack(Object(Illuminate\\Routing\\Route), Object(Illuminate\\Http\\Request))
#25 /var/www/html/vendor/laravel/framework/src/Illuminate/Routing/Router.php(764): Illuminate\\Routing\\Router->runRoute(Object(Illuminate\\Http\\Request), Object(Illuminate\\Routing\\Route))
#26 /var/www/html/vendor/laravel/framework/src/Illuminate/Routing/Router.php(753): Illuminate\\Routing\\Router->dispatchToRoute(Object(Illuminate\\Http\\Request))
#27 /var/www/html/vendor/laravel/framework/src/Illuminate/Foundation/Http/Kernel.php(200): Illuminate\\Routing\\Router->dispatch(Object(Illuminate\\Http\\Request))
#28 /var/www/html/vendor/laravel/framework/src/Illuminate/Pipeline/Pipeline.php(180): Illuminate\\Foundation\\Http\\Kernel->Illuminate\\Foundation\\Http\\{closure}(Object(Illuminate\\Http\\Request))
#29 /var/www/html/vendor/laravel/framework/src/Illuminate/Foundation/Http/Middleware/TransformsRequest.php(21): Illuminate\\Pipeline\\Pipeline->Illuminate\\Pipeline\\{closure}(Object(Illuminate\\Http\\Request))
#30 /var/www/html/vendor/laravel/framework/src/Illuminate/Foundation/Http/Middleware/ConvertEmptyStringsToNull.php(31): Illuminate\\Foundation\\Http\\Middleware\\TransformsRequest->handle(Object(Illuminate\\Http\\Request), Object(Closure))
#31 /var/www/html/vendor/laravel/framework/src/Illuminate/Pipeline/Pipeline.php(219): Illuminate\\Foundation\\Http\\Middleware\\ConvertEmptyStringsToNull->handle(Object(Illuminate\\Http\\Request), Object(Closure))
#32 /var/www/html/vendor/laravel/framework/src/Illuminate/Foundation/Http/Middleware/TransformsRequest.php(21): Illuminate\\Pipeline\\Pipeline->Illuminate\\Pipeline\\{closure}(Object(Illuminate\\Http\\Request))
#33 /var/www/html/vendor/laravel/framework/src/Illuminate/Foundation/Http/Middleware/TrimStrings.php(51): Illuminate\\Foundation\\Http\\Middleware\\TransformsRequest->handle(Object(Illuminate\\Http\\Request), Object(Closure))
#34 /var/www/html/vendor/laravel/framework/src/Illuminate/Pipeline/Pipeline.php(219): Illuminate\\Foundation\\Http\\Middleware\\TrimStrings->handle(Object(Illuminate\\Http\\Request), Object(Closure))
#35 /var/www/html/vendor/laravel/framework/src/Illuminate/Http/Middleware/ValidatePostSize.php(27): Illuminate\\Pipeline\\Pipeline->Illuminate\\Pipeline\\{closure}(Object(Illuminate\\Http\\Request))
#36 /var/www/html/vendor/laravel/framework/src/Illuminate/Pipeline/Pipeline.php(219): Illuminate\\Http\\Middleware\\ValidatePostSize->handle(Object(Illuminate\\Http\\Request), Object(Closure))
#37 /var/www/html/vendor/laravel/framework/src/Illuminate/Foundation/Http/Middleware/PreventRequestsDuringMaintenance.php(109): Illuminate\\Pipeline\\Pipeline->Illuminate\\Pipeline\\{closure}(Object(Illuminate\\Http\\Request))
#38 /var/www/html/vendor/laravel/framework/src/Illuminate/Pipeline/Pipeline.php(219): Illuminate\\Foundation\\Http\\Middleware\\PreventRequestsDuringMaintenance->handle(Object(Illuminate\\Http\\Request), Object(Closure))
#39 /var/www/html/vendor/laravel/framework/src/Illuminate/Http/Middleware/HandleCors.php(61): Illuminate\\Pipeline\\Pipeline->Illuminate\\Pipeline\\{closure}(Object(Illuminate\\Http\\Request))
#40 /var/www/html/vendor/laravel/framework/src/Illuminate/Pipeline/Pipeline.php(219): Illuminate\\Http\\Middleware\\HandleCors->handle(Object(Illuminate\\Http\\Request), Object(Closure))
#41 /var/www/html/vendor/laravel/framework/src/Illuminate/Http/Middleware/TrustProxies.php(58): Illuminate\\Pipeline\\Pipeline->Illuminate\\Pipeline\\{closure}(Object(Illuminate\\Http\\Request))
#42 /var/www/html/vendor/laravel/framework/src/Illuminate/Pipeline/Pipeline.php(219): Illuminate\\Http\\Middleware\\TrustProxies->handle(Object(Illuminate\\Http\\Request), Object(Closure))
#43 /var/www/html/vendor/laravel/framework/src/Illuminate/Foundation/Http/Middleware/InvokeDeferredCallbacks.php(22): Illuminate\\Pipeline\\Pipeline->Illuminate\\Pipeline\\{closure}(Object(Illuminate\\Http\\Request))
#44 /var/www/html/vendor/laravel/framework/src/Illuminate/Pipeline/Pipeline.php(219): Illuminate\\Foundation\\Http\\Middleware\\InvokeDeferredCallbacks->handle(Object(Illuminate\\Http\\Request), Object(Closure))
#45 /var/www/html/vendor/laravel/framework/src/Illuminate/Http/Middleware/ValidatePathEncoding.php(26): Illuminate\\Pipeline\\Pipeline->Illuminate\\Pipeline\\{closure}(Object(Illuminate\\Http\\Request))
#46 /var/www/html/vendor/laravel/framework/src/Illuminate/Pipeline/Pipeline.php(219): Illuminate\\Http\\Middleware\\ValidatePathEncoding->handle(Object(Illuminate\\Http\\Request), Object(Closure))
#47 /var/www/html/vendor/laravel/framework/src/Illuminate/Pipeline/Pipeline.php(137): Illuminate\\Pipeline\\Pipeline->Illuminate\\Pipeline\\{closure}(Object(Illuminate\\Http\\Request))
#48 /var/www/html/vendor/laravel/framework/src/Illuminate/Foundation/Http/Kernel.php(175): Illuminate\\Pipeline\\Pipeline->then(Object(Closure))
#49 /var/www/html/vendor/laravel/framework/src/Illuminate/Foundation/Http/Kernel.php(144): Illuminate\\Foundation\\Http\\Kernel->sendRequestThroughRouter(Object(Illuminate\\Http\\Request))
#50 /var/www/html/vendor/laravel/framework/src/Illuminate/Foundation/Application.php(1220): Illuminate\\Foundation\\Http\\Kernel->handle(Object(Illuminate\\Http\\Request))
#51 /var/www/html/public/index.php(13): Illuminate\\Foundation\\Application->handleRequest(Object(Illuminate\\Http\\Request))
#52 {main}

[previous exception] [object] (Illuminate\\Database\\SQLiteDatabaseDoesNotExistException(code: 0): Database file at path [/var/www/html/database/database.sqlite] does not exist. Ensure this is an absolute path to the database. at /var/www/html/vendor/laravel/framework/src/Illuminate/Database/Connectors/SQLiteConnector.php:60)
[stacktrace]
#0 /var/www/html/vendor/laravel/framework/src/Illuminate/Database/Connectors/SQLiteConnector.php(19): Illuminate\\Database\\Connectors\\SQLiteConnector->parseDatabasePath(false)
#1 /var/www/html/vendor/laravel/framework/src/Illuminate/Database/Connectors/ConnectionFactory.php(225): Illuminate\\Database\\Connectors\\SQLiteConnector->connect(Array)
#2 [internal function]: Illuminate\\Database\\Connectors\\ConnectionFactory->Illuminate\\Database\\Connectors\\{closure}()
#3 /var/www/html/vendor/laravel/framework/src/Illuminate/Database/Connection.php(1257): call_user_func(Object(Closure))
#4 /var/www/html/vendor/laravel/framework/src/Illuminate/Database/Connection.php(525): Illuminate\\Database\\Connection->getPdo()
#5 /var/www/html/vendor/laravel/framework/src/Illuminate/Database/Connection.php(420): Illuminate\\Database\\Connection->getPdoForSelect(false)
#6 /var/www/html/vendor/laravel/framework/src/Illuminate/Database/Connection.php(827): Illuminate\\Database\\Connection->Illuminate\\Database\\{closure}('select * from \"...', Array)
#7 /var/www/html/vendor/laravel/framework/src/Illuminate/Database/Connection.php(794): Illuminate\\Database\\Connection->runQueryCallback('select * from \"...', Array, Object(Closure))
#8 /var/www/html/vendor/laravel/framework/src/Illuminate/Database/Connection.php(411): Illuminate\\Database\\Connection->run('select * from \"...', Array, Object(Closure))
#9 /var/www/html/vendor/laravel/framework/src/Illuminate/Database/Query/Builder.php(3505): Illuminate\\Database\\Connection->select('select * from \"...', Array, false)
#10 /var/www/html/vendor/laravel/framework/src/Illuminate/Database/Query/Builder.php(3490): Illuminate\\Database\\Query\\Builder->runSelect()
#11 /var/www/html/vendor/laravel/framework/src/Illuminate/Database/Query/Builder.php(4080): Illuminate\\Database\\Query\\Builder->Illuminate\\Database\\Query\\{closure}()
#12 /var/www/html/vendor/laravel/framework/src/Illuminate/Database/Query/Builder.php(3489): Illuminate\\Database\\Query\\Builder->onceWithColumns(Array, Object(Closure))
#13 /var/www/html/vendor/laravel/framework/src/Illuminate/Database/Concerns/BuildsQueries.php(366): Illuminate\\Database\\Query\\Builder->get(Array)
#14 /var/www/html/vendor/laravel/framework/src/Illuminate/Database/Query/Builder.php(3412): Illuminate\\Database\\Query\\Builder->first(Array)
#15 /var/www/html/vendor/laravel/framework/src/Illuminate/Session/DatabaseSessionHandler.php(96): Illuminate\\Database\\Query\\Builder->find('TZSuERaZN23FqIY...')
#16 /var/www/html/vendor/laravel/framework/src/Illuminate/Session/Store.php(128): Illuminate\\Session\\DatabaseSessionHandler->read('TZSuERaZN23FqIY...')
#17 /var/www/html/vendor/laravel/framework/src/Illuminate/Session/Store.php(116): Illuminate\\Session\\Store->readFromHandler()
#18 /var/www/html/vendor/laravel/framework/src/Illuminate/Session/Store.php(100): Illuminate\\Session\\Store->loadSession()
#19 /var/www/html/vendor/laravel/framework/src/Illuminate/Session/Middleware/StartSession.php(146): Illuminate\\Session\\Store->start()
#20 /var/www/html/vendor/laravel/framework/src/Illuminate/Support/helpers.php(393): Illuminate\\Session\\Middleware\\StartSession->Illuminate\\Session\\Middleware\\{closure}(Object(Illuminate\\Session\\Store))
#21 /var/www/html/vendor/laravel/framework/src/Illuminate/Session/Middleware/StartSession.php(143): tap(Object(Illuminate\\Session\\Store), Object(Closure))
#22 /var/www/html/vendor/laravel/framework/src/Illuminate/Session/Middleware/StartSession.php(115): Illuminate\\Session\\Middleware\\StartSession->startSession(Object(Illuminate\\Http\\Request), Object(Illuminate\\Session\\Store))
#23 /var/www/html/vendor/laravel/framework/src/Illuminate/Session/Middleware/StartSession.php(63): Illuminate\\Session\\Middleware\\StartSession->handleStatefulRequest(Object(Illuminate\\Http\\Request), Object(Illuminate\\Session\\Store), Object(Closure))
#24 /var/www/html/vendor/laravel/framework/src/Illuminate/Pipeline/Pipeline.php(219): Illuminate\\Session\\Middleware\\StartSession->handle(Object(Illuminate\\Http\\Request), Object(Closure))
#25 /var/www/html/vendor/laravel/framework/src/Illuminate/Cookie/Middleware/AddQueuedCookiesToResponse.php(36): Illuminate\\Pipeline\\Pipeline->Illuminate\\Pipeline\\{closure}(Object(Illuminate\\Http\\Request))
#26 /var/www/html/vendor/laravel/framework/src/Illuminate/Pipeline/Pipeline.php(219): Illuminate\\Cookie\\Middleware\\AddQueuedCookiesToResponse->handle(Object(Illuminate\\Http\\Request), Object(Closure))
#27 /var/www/html/vendor/laravel/framework/src/Illuminate/Cookie/Middleware/EncryptCookies.php(74): Illuminate\\Pipeline\\Pipeline->Illuminate\\Pipeline\\{closure}(Object(Illuminate\\Http\\Request))
#28 /var/www/html/vendor/laravel/framework/src/Illuminate/Pipeline/Pipeline.php(219): Illuminate\\Cookie\\Middleware\\EncryptCookies->handle(Object(Illuminate\\Http\\Request), Object(Closure))
#29 /var/www/html/vendor/laravel/framework/src/Illuminate/Pipeline/Pipeline.php(137): Illuminate\\Pipeline\\Pipeline->Illuminate\\Pipeline\\{closure}(Object(Illuminate\\Http\\Request))
#30 /var/www/html/vendor/laravel/framework/src/Illuminate/Routing/Router.php(821): Illuminate\\Pipeline\\Pipeline->then(Object(Closure))
#31 /var/www/html/vendor/laravel/framework/src/Illuminate/Routing/Router.php(800): Illuminate\\Routing\\Router->runRouteWithinStack(Object(Illuminate\\Routing\\Route), Object(Illuminate\\Http\\Request))
#32 /var/www/html/vendor/laravel/framework/src/Illuminate/Routing/Router.php(764): Illuminate\\Routing\\Router->runRoute(Object(Illuminate\\Http\\Request), Object(Illuminate\\Routing\\Route))
#33 /var/www/html/vendor/laravel/framework/src/Illuminate/Routing/Router.php(753): Illuminate\\Routing\\Router->dispatchToRoute(Object(Illuminate\\Http\\Request))
#34 /var/www/html/vendor/laravel/framework/src/Illuminate/Foundation/Http/Kernel.php(200): Illuminate\\Routing\\Router->dispatch(Object(Illuminate\\Http\\Request))
#35 /var/www/html/vendor/laravel/framework/src/Illuminate/Pipeline/Pipeline.php(180): Illuminate\\Foundation\\Http\\Kernel->Illuminate\\Foundation\\Http\\{closure}(Object(Illuminate\\Http\\Request))
#36 /var/www/html/vendor/laravel/framework/src/Illuminate/Foundation/Http/Middleware/TransformsRequest.php(21): Illuminate\\Pipeline\\Pipeline->Illuminate\\Pipeline\\{closure}(Object(Illuminate\\Http\\Request))
#37 /var/www/html/vendor/laravel/framework/src/Illuminate/Foundation/Http/Middleware/ConvertEmptyStringsToNull.php(31): Illuminate\\Foundation\\Http\\Middleware\\TransformsRequest->handle(Object(Illuminate\\Http\\Request), Object(Closure))
#38 /var/www/html/vendor/laravel/framework/src/Illuminate/Pipeline/Pipeline.php(219): Illuminate\\Foundation\\Http\\Middleware\\ConvertEmptyStringsToNull->handle(Object(Illuminate\\Http\\Request), Object(Closure))
#39 /var/www/html/vendor/laravel/framework/src/Illuminate/Foundation/Http/Middleware/TransformsRequest.php(21): Illuminate\\Pipeline\\Pipeline->Illuminate\\Pipeline\\{closure}(Object(Illuminate\\Http\\Request))
#40 /var/www/html/vendor/laravel/framework/src/Illuminate/Foundation/Http/Middleware/TrimStrings.php(51): Illuminate\\Foundation\\Http\\Middleware\\TransformsRequest->handle(Object(Illuminate\\Http\\Request), Object(Closure))
#41 /var/www/html/vendor/laravel/framework/src/Illuminate/Pipeline/Pipeline.php(219): Illuminate\\Foundation\\Http\\Middleware\\TrimStrings->handle(Object(Illuminate\\Http\\Request), Object(Closure))
#42 /var/www/html/vendor/laravel/framework/src/Illuminate/Http/Middleware/ValidatePostSize.php(27): Illuminate\\Pipeline\\Pipeline->Illuminate\\Pipeline\\{closure}(Object(Illuminate\\Http\\Request))
#43 /var/www/html/vendor/laravel/framework/src/Illuminate/Pipeline/Pipeline.php(219): Illuminate\\Http\\Middleware\\ValidatePostSize->handle(Object(Illuminate\\Http\\Request), Object(Closure))
#44 /var/www/html/vendor/laravel/framework/src/Illuminate/Foundation/Http/Middleware/PreventRequestsDuringMaintenance.php(109): Illuminate\\Pipeline\\Pipeline->Illuminate\\Pipeline\\{closure}(Object(Illuminate\\Http\\Request))
#45 /var/www/html/vendor/laravel/framework/src/Illuminate/Pipeline/Pipeline.php(219): Illuminate\\Foundation\\Http\\Middleware\\PreventRequestsDuringMaintenance->handle(Object(Illuminate\\Http\\Request), Object(Closure))
#46 /var/www/html/vendor/laravel/framework/src/Illuminate/Http/Middleware/HandleCors.php(61): Illuminate\\Pipeline\\Pipeline->Illuminate\\Pipeline\\{closure}(Object(Illuminate\\Http\\Request))
#47 /var/www/html/vendor/laravel/framework/src/Illuminate/Pipeline/Pipeline.php(219): Illuminate\\Http\\Middleware\\HandleCors->handle(Object(Illuminate\\Http\\Request), Object(Closure))
#48 /var/www/html/vendor/laravel/framework/src/Illuminate/Http/Middleware/TrustProxies.php(58): Illuminate\\Pipeline\\Pipeline->Illuminate\\Pipeline\\{closure}(Object(Illuminate\\Http\\Request))
#49 /var/www/html/vendor/laravel/framework/src/Illuminate/Pipeline/Pipeline.php(219): Illuminate\\Http\\Middleware\\TrustProxies->handle(Object(Illuminate\\Http\\Request), Object(Closure))
#50 /var/www/html/vendor/laravel/framework/src/Illuminate/Foundation/Http/Middleware/InvokeDeferredCallbacks.php(22): Illuminate\\Pipeline\\Pipeline->Illuminate\\Pipeline\\{closure}(Object(Illuminate\\Http\\Request))
#51 /var/www/html/vendor/laravel/framework/src/Illuminate/Pipeline/Pipeline.php(219): Illuminate\\Foundation\\Http\\Middleware\\InvokeDeferredCallbacks->handle(Object(Illuminate\\Http\\Request), Object(Closure))
#52 /var/www/html/vendor/laravel/framework/src/Illuminate/Http/Middleware/ValidatePathEncoding.php(26): Illuminate\\Pipeline\\Pipeline->Illuminate\\Pipeline\\{closure}(Object(Illuminate\\Http\\Request))
#53 /var/www/html/vendor/laravel/framework/src/Illuminate/Pipeline/Pipeline.php(219): Illuminate\\Http\\Middleware\\ValidatePathEncoding->handle(Object(Illuminate\\Http\\Request), Object(Closure))
#54 /var/www/html/vendor/laravel/framework/src/Illuminate/Pipeline/Pipeline.php(137): Illuminate\\Pipeline\\Pipeline->Illuminate\\Pipeline\\{closure}(Object(Illuminate\\Http\\Request))
#55 /var/www/html/vendor/laravel/framework/src/Illuminate/Foundation/Http/Kernel.php(175): Illuminate\\Pipeline\\Pipeline->then(Object(Closure))
#56 /var/www/html/vendor/laravel/framework/src/Illuminate/Foundation/Http/Kernel.php(144): Illuminate\\Foundation\\Http\\Kernel->sendRequestThroughRouter(Object(Illuminate\\Http\\Request))
#57 /var/www/html/vendor/laravel/framework/src/Illuminate/Foundation/Application.php(1220): Illuminate\\Foundation\\Http\\Kernel->handle(Object(Illuminate\\Http\\Request))
#58 /var/www/html/public/index.php(13): Illuminate\\Foundation\\Application->handleRequest(Object(Illuminate\\Http\\Request))
#59 {main}
"} 
[2026-09-18 15:42:05] local.ERROR: Please provide a valid cache path. {"exception":"[object] (InvalidArgumentException(code: 0): Please provide a valid cache path. at /var/www/html/vendor/laravel/framework/src/Illuminate/View/Compilers/Compiler.php:75)
[stacktrace]
#0 /var/www/html/vendor/laravel/framework/src/Illuminate/View/ViewServiceProvider.php(97): Illuminate\\View\\Compilers\\Compiler->__construct(Object(Illuminate\\Filesystem\\Filesystem), false, '', true, 'php', true)
#1 /var/www/html/vendor/laravel/framework/src/Illuminate/Container/Container.php(1115): Illuminate\\View\\ViewServiceProvider->Illuminate\\View\\{closure}(Object(Illuminate\\Foundation\\Application), Array)
#2 /var/www/html/vendor/laravel/framework/src/Illuminate/Container/Container.php(933): Illuminate\\Container\\Container->build(Object(Closure))
#3 /var/www/html/vendor/laravel/framework/src/Illuminate/Foundation/Application.php(1078): Illuminate\\Container\\Container->resolve('blade.compiler', Array, true)
#4 /var/www/html/vendor/laravel/framework/src/Illuminate/Container/Container.php(864): Illuminate\\Foundation\\Application->resolve('blade.compiler', Array)
#5 /var/www/html/vendor/laravel/framework/src/Illuminate/Foundation/Application.php(1058): Illuminate\\Container\\Container->make('blade.compiler', Array)
#6 /var/www/html/vendor/laravel/framework/src/Illuminate/View/ViewServiceProvider.php(169): Illuminate\\Foundation\\Application->make('blade.compiler')
#7 [internal function]: Illuminate\\View\\ViewServiceProvider->Illuminate\\View\\{closure}()
#8 /var/www/html/vendor/laravel/framework/src/Illuminate/View/Engines/EngineResolver.php(55): call_user_func(Object(Closure))
#9 /var/www/html/vendor/laravel/framework/src/Illuminate/View/Factory.php(325): Illuminate\\View\\Engines\\EngineResolver->resolve('blade')
#10 /var/www/html/vendor/laravel/framework/src/Illuminate/View/Factory.php(287): Illuminate\\View\\Factory->getEngineFromPath('/var/www/html/v...')
#11 /var/www/html/vendor/laravel/framework/src/Illuminate/View/Factory.php(159): Illuminate\\View\\Factory->viewInstance('errors::500', '/var/www/html/v...', Array)
#12 /var/www/html/vendor/laravel/framework/src/Illuminate/Routing/ResponseFactory.php(91): Illuminate\\View\\Factory->make('errors::500', Array)
#13 /var/www/html/vendor/laravel/framework/src/Illuminate/Foundation/Exceptions/Handler.php(926): Illuminate\\Routing\\ResponseFactory->view('errors::500', Array, 500, Array)
#14 /var/www/html/vendor/laravel/framework/src/Illuminate/Foundation/Exceptions/Handler.php(847): Illuminate\\Foundation\\Exceptions\\Handler->renderHttpException(Object(Symfony\\Component\\HttpKernel\\Exception\\HttpException))
#15 /var/www/html/vendor/laravel/framework/src/Illuminate/Foundation/Exceptions/Handler.php(738): Illuminate\\Foundation\\Exceptions\\Handler->prepareResponse(Object(Illuminate\\Http\\Request), Object(Symfony\\Component\\HttpKernel\\Exception\\HttpException))
#16 /var/www/html/vendor/laravel/framework/src/Illuminate/Foundation/Exceptions/Handler.php(626): Illuminate\\Foundation\\Exceptions\\Handler->renderExceptionResponse(Object(Illuminate\\Http\\Request), Object(Illuminate\\Database\\QueryException))
#17 /var/www/html/vendor/laravel/framework/src/Illuminate/Routing/Pipeline.php(51): Illuminate\\Foundation\\Exceptions\\Handler->render(Object(Illuminate\\Http\\Request), Object(Illuminate\\Database\\QueryException))
#18 /var/www/html/vendor/laravel/framework/src/Illuminate/Pipeline/Pipeline.php(224): Illuminate\\Routing\\Pipeline->handleException(Object(Illuminate\\Http\\Request), Object(Illuminate\\Database\\QueryException))
#19 /var/www/html/vendor/laravel/framework/src/Illuminate/Cookie/Middleware/AddQueuedCookiesToResponse.php(36): Illuminate\\Pipeline\\Pipeline->Illuminate\\Pipeline\\{closure}(Object(Illuminate\\Http\\Request))
#20 /var/www/html/vendor/laravel/framework/src/Illuminate/Pipeline/Pipeline.php(219): Illuminate\\Cookie\\Middleware\\AddQueuedCookiesToResponse->handle(Object(Illuminate\\Http\\Request), Object(Closure))
#21 /var/www/html/vendor/laravel/framework/src/Illuminate/Cookie/Middleware/EncryptCookies.php(74): Illuminate\\Pipeline\\Pipeline->Illuminate\\Pipeline\\{closure}(Object(Illuminate\\Http\\Request))
#22 /var/www/html/vendor/laravel/framework/src/Illuminate/Pipeline/Pipeline.php(219): Illuminate\\Cookie\\Middleware\\EncryptCookies->handle(Object(Illuminate\\Http\\Request), Object(Closure))
#23 /var/www/html/vendor/laravel/framework/src/Illuminate/Pipeline/Pipeline.php(137): Illuminate\\Pipeline\\Pipeline->Illuminate\\Pipeline\\{closure}(Object(Illuminate\\Http\\Request))
#24 /var/www/html/vendor/laravel/framework/src/Illuminate/Routing/Router.php(821): Illuminate\\Pipeline\\Pipeline->then(Object(Closure))
#25 /var/www/html/vendor/laravel/framework/src/Illuminate/Routing/Router.php(800): Illuminate\\Routing\\Router->runRouteWithinStack(Object(Illuminate\\Routing\\Route), Object(Illuminate\\Http\\Request))
#26 /var/www/html/vendor/laravel/framework/src/Illuminate/Routing/Router.php(764): Illuminate\\Routing\\Router->runRoute(Object(Illuminate\\Http\\Request), Object(Illuminate\\Routing\\Route))
#27 /var/www/html/vendor/laravel/framework/src/Illuminate/Routing/Router.php(753): Illuminate\\Routing\\Router->dispatchToRoute(Object(Illuminate\\Http\\Request))
#28 /var/www/html/vendor/laravel/framework/src/Illuminate/Foundation/Http/Kernel.php(200): Illuminate\\Routing\\Router->dispatch(Object(Illuminate\\Http\\Request))
#29 /var/www/html/vendor/laravel/framework/src/Illuminate/Pipeline/Pipeline.php(180): Illuminate\\Foundation\\Http\\Kernel->Illuminate\\Foundation\\Http\\{closure}(Object(Illuminate\\Http\\Request))
#30 /var/www/html/vendor/laravel/framework/src/Illuminate/Foundation/Http/Middleware/TransformsRequest.php(21): Illuminate\\Pipeline\\Pipeline->Illuminate\\Pipeline\\{closure}(Object(Illuminate\\Http\\Request))
#31 /var/www/html/vendor/laravel/framework/src/Illuminate/Foundation/Http/Middleware/ConvertEmptyStringsToNull.php(31): Illuminate\\Foundation\\Http\\Middleware\\TransformsRequest->handle(Object(Illuminate\\Http\\Request), Object(Closure))
#32 /var/www/html/vendor/laravel/framework/src/Illuminate/Pipeline/Pipeline.php(219): Illuminate\\Foundation\\Http\\Middleware\\ConvertEmptyStringsToNull->handle(Object(Illuminate\\Http\\Request), Object(Closure))
#33 /var/www/html/vendor/laravel/framework/src/Illuminate/Foundation/Http/Middleware/TransformsRequest.php(21): Illuminate\\Pipeline\\Pipeline->Illuminate\\Pipeline\\{closure}(Object(Illuminate\\Http\\Request))
#34 /var/www/html/vendor/laravel/framework/src/Illuminate/Foundation/Http/Middleware/TrimStrings.php(51): Illuminate\\Foundation\\Http\\Middleware\\TransformsRequest->handle(Object(Illuminate\\Http\\Request), Object(Closure))
#35 /var/www/html/vendor/laravel/framework/src/Illuminate/Pipeline/Pipeline.php(219): Illuminate\\Foundation\\Http\\Middleware\\TrimStrings->handle(Object(Illuminate\\Http\\Request), Object(Closure))
#36 /var/www/html/vendor/laravel/framework/src/Illuminate/Http/Middleware/ValidatePostSize.php(27): Illuminate\\Pipeline\\Pipeline->Illuminate\\Pipeline\\{closure}(Object(Illuminate\\Http\\Request))
#37 /var/www/html/vendor/laravel/framework/src/Illuminate/Pipeline/Pipeline.php(219): Illuminate\\Http\\Middleware\\ValidatePostSize->handle(Object(Illuminate\\Http\\Request), Object(Closure))
#38 /var/www/html/vendor/laravel/framework/src/Illuminate/Foundation/Http/Middleware/PreventRequestsDuringMaintenance.php(109): Illuminate\\Pipeline\\Pipeline->Illuminate\\Pipeline\\{closure}(Object(Illuminate\\Http\\Request))
#39 /var/www/html/vendor/laravel/framework/src/Illuminate/Pipeline/Pipeline.php(219): Illuminate\\Foundation\\Http\\Middleware\\PreventRequestsDuringMaintenance->handle(Object(Illuminate\\Http\\Request), Object(Closure))
#40 /var/www/html/vendor/laravel/framework/src/Illuminate/Http/Middleware/HandleCors.php(61): Illuminate\\Pipeline\\Pipeline->Illuminate\\Pipeline\\{closure}(Object(Illuminate\\Http\\Request))
#41 /var/www/html/vendor/laravel/framework/src/Illuminate/Pipeline/Pipeline.php(219): Illuminate\\Http\\Middleware\\HandleCors->handle(Object(Illuminate\\Http\\Request), Object(Closure))
#42 /var/www/html/vendor/laravel/framework/src/Illuminate/Http/Middleware/TrustProxies.php(58): Illuminate\\Pipeline\\Pipeline->Illuminate\\Pipeline\\{closure}(Object(Illuminate\\Http\\Request))
#43 /var/www/html/vendor/laravel/framework/src/Illuminate/Pipeline/Pipeline.php(219): Illuminate\\Http\\Middleware\\TrustProxies->handle(Object(Illuminate\\Http\\Request), Object(Closure))
#44 /var/www/html/vendor/laravel/framework/src/Illuminate/Foundation/Http/Middleware/InvokeDeferredCallbacks.php(22): Illuminate\\Pipeline\\Pipeline->Illuminate\\Pipeline\\{closure}(Object(Illuminate\\Http\\Request))
#45 /var/www/html/vendor/laravel/framework/src/Illuminate/Pipeline/Pipeline.php(219): Illuminate\\Foundation\\Http\\Middleware\\InvokeDeferredCallbacks->handle(Object(Illuminate\\Http\\Request), Object(Closure))
#46 /var/www/html/vendor/laravel/framework/src/Illuminate/Http/Middleware/ValidatePathEncoding.php(26): Illuminate\\Pipeline\\Pipeline->Illuminate\\Pipeline\\{closure}(Object(Illuminate\\Http\\Request))
#47 /var/www/html/vendor/laravel/framework/src/Illuminate/Pipeline/Pipeline.php(219): Illuminate\\Http\\Middleware\\ValidatePathEncoding->handle(Object(Illuminate\\Http\\Request), Object(Closure))
#48 /var/www/html/vendor/laravel/framework/src/Illuminate/Pipeline/Pipeline.php(137): Illuminate\\Pipeline\\Pipeline->Illuminate\\Pipeline\\{closure}(Object(Illuminate\\Http\\Request))
#49 /var/www/html/vendor/laravel/framework/src/Illuminate/Foundation/Http/Kernel.php(175): Illuminate\\Pipeline\\Pipeline->then(Object(Closure))
#50 /var/www/html/vendor/laravel/framework/src/Illuminate/Foundation/Http/Kernel.php(144): Illuminate\\Foundation\\Http\\Kernel->sendRequestThroughRouter(Object(Illuminate\\Http\\Request))
#51 /var/www/html/vendor/laravel/framework/src/Illuminate/Foundation/Application.php(1220): Illuminate\\Foundation\\Http\\Kernel->handle(Object(Illuminate\\Http\\Request))
#52 /var/www/html/public/index.php(13): Illuminate\\Foundation\\Application->handleRequest(Object(Illuminate\\Http\\Request))
#53 {main}
"} 
[2026-09-18 15:42:05] local.ERROR: Call to a member function send() on null {"exception":"[object] (Error(code: 0): Call to a member function send() on null at /var/www/html/public/index.php:14)
[stacktrace]
#0 {main}
"} 
[2026-09-18 15:42:05] local.ERROR: Please provide a valid cache path. {"exception":"[object] (InvalidArgumentException(code: 0): Please provide a valid cache path. at /var/www/html/vendor/laravel/framework/src/Illuminate/View/Compilers/Compiler.php:75)
[stacktrace]
#0 /var/www/html/vendor/laravel/framework/src/Illuminate/View/ViewServiceProvider.php(97): Illuminate\\View\\Compilers\\Compiler->__construct(Object(Illuminate\\Filesystem\\Filesystem), false, '', true, 'php', true)
#1 /var/www/html/vendor/laravel/framework/src/Illuminate/Container/Container.php(1115): Illuminate\\View\\ViewServiceProvider->Illuminate\\View\\{closure}(Object(Illuminate\\Foundation\\Application), Array)
#2 /var/www/html/vendor/laravel/framework/src/Illuminate/Container/Container.php(933): Illuminate\\Container\\Container->build(Object(Closure))
#3 /var/www/html/vendor/laravel/framework/src/Illuminate/Foundation/Application.php(1078): Illuminate\\Container\\Container->resolve('blade.compiler', Array, true)
#4 /var/www/html/vendor/laravel/framework/src/Illuminate/Container/Container.php(864): Illuminate\\Foundation\\Application->resolve('blade.compiler', Array)
#5 /var/www/html/vendor/laravel/framework/src/Illuminate/Foundation/Application.php(1058): Illuminate\\Container\\Container->make('blade.compiler', Array)
#6 /var/www/html/vendor/laravel/framework/src/Illuminate/View/ViewServiceProvider.php(169): Illuminate\\Foundation\\Application->make('blade.compiler')
#7 [internal function]: Illuminate\\View\\ViewServiceProvider->Illuminate\\View\\{closure}()
#8 /var/www/html/vendor/laravel/framework/src/Illuminate/View/Engines/EngineResolver.php(55): call_user_func(Object(Closure))
#9 /var/www/html/vendor/laravel/framework/src/Illuminate/View/Factory.php(318): Illuminate\\View\\Engines\\EngineResolver->resolve('blade')
#10 /var/www/html/vendor/laravel/framework/src/Illuminate/View/Factory.php(287): Illuminate\\View\\Factory->getEngineFromPath('/var/www/html/v...')
#11 /var/www/html/vendor/laravel/framework/src/Illuminate/View/Factory.php(159): Illuminate\\View\\Factory->viewInstance('errors::500', '/var/www/html/v...', Array)
#12 /var/www/html/vendor/laravel/framework/src/Illuminate/Routing/ResponseFactory.php(91): Illuminate\\View\\Factory->make('errors::500', Array)
#13 /var/www/html/vendor/laravel/framework/src/Illuminate/Foundation/Exceptions/Handler.php(926): Illuminate\\Routing\\ResponseFactory->view('errors::500', Array, 500, Array)
#14 /var/www/html/vendor/laravel/framework/src/Illuminate/Foundation/Exceptions/Handler.php(847): Illuminate\\Foundation\\Exceptions\\Handler->renderHttpException(Object(Symfony\\Component\\HttpKernel\\Exception\\HttpException))
#15 /var/www/html/vendor/laravel/framework/src/Illuminate/Foundation/Exceptions/Handler.php(738): Illuminate\\Foundation\\Exceptions\\Handler->prepareResponse(Object(Illuminate\\Http\\Request), Object(Symfony\\Component\\HttpKernel\\Exception\\HttpException))
#16 /var/www/html/vendor/laravel/framework/src/Illuminate/Foundation/Exceptions/Handler.php(626): Illuminate\\Foundation\\Exceptions\\Handler->renderExceptionResponse(Object(Illuminate\\Http\\Request), Object(Error))
#17 /var/www/html/vendor/laravel/framework/src/Illuminate/Foundation/Bootstrap/HandleExceptions.php(225): Illuminate\\Foundation\\Exceptions\\Handler->render(Object(Illuminate\\Http\\Request), Object(Error))
#18 /var/www/html/vendor/laravel/framework/src/Illuminate/Foundation/Bootstrap/HandleExceptions.php(202): Illuminate\\Foundation\\Bootstrap\\HandleExceptions->renderHttpResponse(Object(Error))
#19 /var/www/html/vendor/laravel/framework/src/Illuminate/Foundation/Bootstrap/HandleExceptions.php(262): Illuminate\\Foundation\\Bootstrap\\HandleExceptions->handleException(Object(Error))
#20 [internal function]: Illuminate\\Foundation\\Bootstrap\\HandleExceptions->Illuminate\\Foundation\\Bootstrap\\{closure}(Object(Error))
#21 {main}
"} 
[2026-09-18 15:42:31] local.ERROR: Database file at path [/var/www/html/database/database.sqlite] does not exist. Ensure this is an absolute path to the database. (Connection: sqlite, Database: /var/www/html/database/database.sqlite, SQL: select * from "sessions" where "id" = oRZxyKUQQLGHSXncHAHNkOBdqPPEszrxeiVRkVxF limit 1) {"exception":"[object] (Illuminate\\Database\\QueryException(code: 0): Database file at path [/var/www/html/database/database.sqlite] does not exist. Ensure this is an absolute path to the database. (Connection: sqlite, Database: /var/www/html/database/database.sqlite, SQL: select * from \"sessions\" where \"id\" = oRZxyKUQQLGHSXncHAHNkOBdqPPEszrxeiVRkVxF limit 1) at /var/www/html/vendor/laravel/framework/src/Illuminate/Database/Connection.php:838)
[stacktrace]
#0 /var/www/html/vendor/laravel/framework/src/Illuminate/Database/Connection.php(794): Illuminate\\Database\\Connection->runQueryCallback('select * from \"...', Array, Object(Closure))
#1 /var/www/html/vendor/laravel/framework/src/Illuminate/Database/Connection.php(411): Illuminate\\Database\\Connection->run('select * from \"...', Array, Object(Closure))
#2 /var/www/html/vendor/laravel/framework/src/Illuminate/Database/Query/Builder.php(3505): Illuminate\\Database\\Connection->select('select * from \"...', Array, false)
#3 /var/www/html/vendor/laravel/framework/src/Illuminate/Database/Query/Builder.php(3490): Illuminate\\Database\\Query\\Builder->runSelect()
#4 /var/www/html/vendor/laravel/framework/src/Illuminate/Database/Query/Builder.php(4080): Illuminate\\Database\\Query\\Builder->Illuminate\\Database\\Query\\{closure}()
#5 /var/www/html/vendor/laravel/framework/src/Illuminate/Database/Query/Builder.php(3489): Illuminate\\Database\\Query\\Builder->onceWithColumns(Array, Object(Closure))
#6 /var/www/html/vendor/laravel/framework/src/Illuminate/Database/Concerns/BuildsQueries.php(366): Illuminate\\Database\\Query\\Builder->get(Array)
#7 /var/www/html/vendor/laravel/framework/src/Illuminate/Database/Query/Builder.php(3412): Illuminate\\Database\\Query\\Builder->first(Array)
#8 /var/www/html/vendor/laravel/framework/src/Illuminate/Session/DatabaseSessionHandler.php(96): Illuminate\\Database\\Query\\Builder->find('oRZxyKUQQLGHSXn...')
#9 /var/www/html/vendor/laravel/framework/src/Illuminate/Session/Store.php(128): Illuminate\\Session\\DatabaseSessionHandler->read('oRZxyKUQQLGHSXn...')
#10 /var/www/html/vendor/laravel/framework/src/Illuminate/Session/Store.php(116): Illuminate\\Session\\Store->readFromHandler()
#11 /var/www/html/vendor/laravel/framework/src/Illuminate/Session/Store.php(100): Illuminate\\Session\\Store->loadSession()
#12 /var/www/html/vendor/laravel/framework/src/Illuminate/Session/Middleware/StartSession.php(146): Illuminate\\Session\\Store->start()
#13 /var/www/html/vendor/laravel/framework/src/Illuminate/Support/helpers.php(393): Illuminate\\Session\\Middleware\\StartSession->Illuminate\\Session\\Middleware\\{closure}(Object(Illuminate\\Session\\Store))
#14 /var/www/html/vendor/laravel/framework/src/Illuminate/Session/Middleware/StartSession.php(143): tap(Object(Illuminate\\Session\\Store), Object(Closure))
#15 /var/www/html/vendor/laravel/framework/src/Illuminate/Session/Middleware/StartSession.php(115): Illuminate\\Session\\Middleware\\StartSession->startSession(Object(Illuminate\\Http\\Request), Object(Illuminate\\Session\\Store))
#16 /var/www/html/vendor/laravel/framework/src/Illuminate/Session/Middleware/StartSession.php(63): Illuminate\\Session\\Middleware\\StartSession->handleStatefulRequest(Object(Illuminate\\Http\\Request), Object(Illuminate\\Session\\Store), Object(Closure))
#17 /var/www/html/vendor/laravel/framework/src/Illuminate/Pipeline/Pipeline.php(219): Illuminate\\Session\\Middleware\\StartSession->handle(Object(Illuminate\\Http\\Request), Object(Closure))
#18 /var/www/html/vendor/laravel/framework/src/Illuminate/Cookie/Middleware/AddQueuedCookiesToResponse.php(36): Illuminate\\Pipeline\\Pipeline->Illuminate\\Pipeline\\{closure}(Object(Illuminate\\Http\\Request))
#19 /var/www/html/vendor/laravel/framework/src/Illuminate/Pipeline/Pipeline.php(219): Illuminate\\Cookie\\Middleware\\AddQueuedCookiesToResponse->handle(Object(Illuminate\\Http\\Request), Object(Closure))
#20 /var/www/html/vendor/laravel/framework/src/Illuminate/Cookie/Middleware/EncryptCookies.php(74): Illuminate\\Pipeline\\Pipeline->Illuminate\\Pipeline\\{closure}(Object(Illuminate\\Http\\Request))
#21 /var/www/html/vendor/laravel/framework/src/Illuminate/Pipeline/Pipeline.php(219): Illuminate\\Cookie\\Middleware\\EncryptCookies->handle(Object(Illuminate\\Http\\Request), Object(Closure))
#22 /var/www/html/vendor/laravel/framework/src/Illuminate/Pipeline/Pipeline.php(137): Illuminate\\Pipeline\\Pipeline->Illuminate\\Pipeline\\{closure}(Object(Illuminate\\Http\\Request))
#23 /var/www/html/vendor/laravel/framework/src/Illuminate/Routing/Router.php(821): Illuminate\\Pipeline\\Pipeline->then(Object(Closure))
#24 /var/www/html/vendor/laravel/framework/src/Illuminate/Routing/Router.php(800): Illuminate\\Routing\\Router->runRouteWithinStack(Object(Illuminate\\Routing\\Route), Object(Illuminate\\Http\\Request))
#25 /var/www/html/vendor/laravel/framework/src/Illuminate/Routing/Router.php(764): Illuminate\\Routing\\Router->runRoute(Object(Illuminate\\Http\\Request), Object(Illuminate\\Routing\\Route))
#26 /var/www/html/vendor/laravel/framework/src/Illuminate/Routing/Router.php(753): Illuminate\\Routing\\Router->dispatchToRoute(Object(Illuminate\\Http\\Request))
#27 /var/www/html/vendor/laravel/framework/src/Illuminate/Foundation/Http/Kernel.php(200): Illuminate\\Routing\\Router->dispatch(Object(Illuminate\\Http\\Request))
#28 /var/www/html/vendor/laravel/framework/src/Illuminate/Pipeline/Pipeline.php(180): Illuminate\\Foundation\\Http\\Kernel->Illuminate\\Foundation\\Http\\{closure}(Object(Illuminate\\Http\\Request))
#29 /var/www/html/vendor/laravel/framework/src/Illuminate/Foundation/Http/Middleware/TransformsRequest.php(21): Illuminate\\Pipeline\\Pipeline->Illuminate\\Pipeline\\{closure}(Object(Illuminate\\Http\\Request))
#30 /var/www/html/vendor/laravel/framework/src/Illuminate/Foundation/Http/Middleware/ConvertEmptyStringsToNull.php(31): Illuminate\\Foundation\\Http\\Middleware\\TransformsRequest->handle(Object(Illuminate\\Http\\Request), Object(Closure))
#31 /var/www/html/vendor/laravel/framework/src/Illuminate/Pipeline/Pipeline.php(219): Illuminate\\Foundation\\Http\\Middleware\\ConvertEmptyStringsToNull->handle(Object(Illuminate\\Http\\Request), Object(Closure))
#32 /var/www/html/vendor/laravel/framework/src/Illuminate/Foundation/Http/Middleware/TransformsRequest.php(21): Illuminate\\Pipeline\\Pipeline->Illuminate\\Pipeline\\{closure}(Object(Illuminate\\Http\\Request))
#33 /var/www/html/vendor/laravel/framework/src/Illuminate/Foundation/Http/Middleware/TrimStrings.php(51): Illuminate\\Foundation\\Http\\Middleware\\TransformsRequest->handle(Object(Illuminate\\Http\\Request), Object(Closure))
#34 /var/www/html/vendor/laravel/framework/src/Illuminate/Pipeline/Pipeline.php(219): Illuminate\\Foundation\\Http\\Middleware\\TrimStrings->handle(Object(Illuminate\\Http\\Request), Object(Closure))
#35 /var/www/html/vendor/laravel/framework/src/Illuminate/Http/Middleware/ValidatePostSize.php(27): Illuminate\\Pipeline\\Pipeline->Illuminate\\Pipeline\\{closure}(Object(Illuminate\\Http\\Request))
#36 /var/www/html/vendor/laravel/framework/src/Illuminate/Pipeline/Pipeline.php(219): Illuminate\\Http\\Middleware\\ValidatePostSize->handle(Object(Illuminate\\Http\\Request), Object(Closure))
#37 /var/www/html/vendor/laravel/framework/src/Illuminate/Foundation/Http/Middleware/PreventRequestsDuringMaintenance.php(109): Illuminate\\Pipeline\\Pipeline->Illuminate\\Pipeline\\{closure}(Object(Illuminate\\Http\\Request))
#38 /var/www/html/vendor/laravel/framework/src/Illuminate/Pipeline/Pipeline.php(219): Illuminate\\Foundation\\Http\\Middleware\\PreventRequestsDuringMaintenance->handle(Object(Illuminate\\Http\\Request), Object(Closure))
#39 /var/www/html/vendor/laravel/framework/src/Illuminate/Http/Middleware/HandleCors.php(61): Illuminate\\Pipeline\\Pipeline->Illuminate\\Pipeline\\{closure}(Object(Illuminate\\Http\\Request))
#40 /var/www/html/vendor/laravel/framework/src/Illuminate/Pipeline/Pipeline.php(219): Illuminate\\Http\\Middleware\\HandleCors->handle(Object(Illuminate\\Http\\Request), Object(Closure))
#41 /var/www/html/vendor/laravel/framework/src/Illuminate/Http/Middleware/TrustProxies.php(58): Illuminate\\Pipeline\\Pipeline->Illuminate\\Pipeline\\{closure}(Object(Illuminate\\Http\\Request))
#42 /var/www/html/vendor/laravel/framework/src/Illuminate/Pipeline/Pipeline.php(219): Illuminate\\Http\\Middleware\\TrustProxies->handle(Object(Illuminate\\Http\\Request), Object(Closure))
#43 /var/www/html/vendor/laravel/framework/src/Illuminate/Foundation/Http/Middleware/InvokeDeferredCallbacks.php(22): Illuminate\\Pipeline\\Pipeline->Illuminate\\Pipeline\\{closure}(Object(Illuminate\\Http\\Request))
#44 /var/www/html/vendor/laravel/framework/src/Illuminate/Pipeline/Pipeline.php(219): Illuminate\\Foundation\\Http\\Middleware\\InvokeDeferredCallbacks->handle(Object(Illuminate\\Http\\Request), Object(Closure))
#45 /var/www/html/vendor/laravel/framework/src/Illuminate/Http/Middleware/ValidatePathEncoding.php(26): Illuminate\\Pipeline\\Pipeline->Illuminate\\Pipeline\\{closure}(Object(Illuminate\\Http\\Request))
#46 /var/www/html/vendor/laravel/framework/src/Illuminate/Pipeline/Pipeline.php(219): Illuminate\\Http\\Middleware\\ValidatePathEncoding->handle(Object(Illuminate\\Http\\Request), Object(Closure))
#47 /var/www/html/vendor/laravel/framework/src/Illuminate/Pipeline/Pipeline.php(137): Illuminate\\Pipeline\\Pipeline->Illuminate\\Pipeline\\{closure}(Object(Illuminate\\Http\\Request))
#48 /var/www/html/vendor/laravel/framework/src/Illuminate/Foundation/Http/Kernel.php(175): Illuminate\\Pipeline\\Pipeline->then(Object(Closure))
#49 /var/www/html/vendor/laravel/framework/src/Illuminate/Foundation/Http/Kernel.php(144): Illuminate\\Foundation\\Http\\Kernel->sendRequestThroughRouter(Object(Illuminate\\Http\\Request))
#50 /var/www/html/vendor/laravel/framework/src/Illuminate/Foundation/Application.php(1220): Illuminate\\Foundation\\Http\\Kernel->handle(Object(Illuminate\\Http\\Request))
#51 /var/www/html/public/index.php(13): Illuminate\\Foundation\\Application->handleRequest(Object(Illuminate\\Http\\Request))
#52 {main}

[previous exception] [object] (Illuminate\\Database\\SQLiteDatabaseDoesNotExistException(code: 0): Database file at path [/var/www/html/database/database.sqlite] does not exist. Ensure this is an absolute path to the database. at /var/www/html/vendor/laravel/framework/src/Illuminate/Database/Connectors/SQLiteConnector.php:60)
[stacktrace]
#0 /var/www/html/vendor/laravel/framework/src/Illuminate/Database/Connectors/SQLiteConnector.php(19): Illuminate\\Database\\Connectors\\SQLiteConnector->parseDatabasePath(false)
#1 /var/www/html/vendor/laravel/framework/src/Illuminate/Database/Connectors/ConnectionFactory.php(225): Illuminate\\Database\\Connectors\\SQLiteConnector->connect(Array)
#2 [internal function]: Illuminate\\Database\\Connectors\\ConnectionFactory->Illuminate\\Database\\Connectors\\{closure}()
#3 /var/www/html/vendor/laravel/framework/src/Illuminate/Database/Connection.php(1257): call_user_func(Object(Closure))
#4 /var/www/html/vendor/laravel/framework/src/Illuminate/Database/Connection.php(525): Illuminate\\Database\\Connection->getPdo()
#5 /var/www/html/vendor/laravel/framework/src/Illuminate/Database/Connection.php(420): Illuminate\\Database\\Connection->getPdoForSelect(false)
#6 /var/www/html/vendor/laravel/framework/src/Illuminate/Database/Connection.php(827): Illuminate\\Database\\Connection->Illuminate\\Database\\{closure}('select * from \"...', Array)
#7 /var/www/html/vendor/laravel/framework/src/Illuminate/Database/Connection.php(794): Illuminate\\Database\\Connection->runQueryCallback('select * from \"...', Array, Object(Closure))
#8 /var/www/html/vendor/laravel/framework/src/Illuminate/Database/Connection.php(411): Illuminate\\Database\\Connection->run('select * from \"...', Array, Object(Closure))
#9 /var/www/html/vendor/laravel/framework/src/Illuminate/Database/Query/Builder.php(3505): Illuminate\\Database\\Connection->select('select * from \"...', Array, false)
#10 /var/www/html/vendor/laravel/framework/src/Illuminate/Database/Query/Builder.php(3490): Illuminate\\Database\\Query\\Builder->runSelect()
#11 /var/www/html/vendor/laravel/framework/src/Illuminate/Database/Query/Builder.php(4080): Illuminate\\Database\\Query\\Builder->Illuminate\\Database\\Query\\{closure}()
#12 /var/www/html/vendor/laravel/framework/src/Illuminate/Database/Query/Builder.php(3489): Illuminate\\Database\\Query\\Builder->onceWithColumns(Array, Object(Closure))
#13 /var/www/html/vendor/laravel/framework/src/Illuminate/Database/Concerns/BuildsQueries.php(366): Illuminate\\Database\\Query\\Builder->get(Array)
#14 /var/www/html/vendor/laravel/framework/src/Illuminate/Database/Query/Builder.php(3412): Illuminate\\Database\\Query\\Builder->first(Array)
#15 /var/www/html/vendor/laravel/framework/src/Illuminate/Session/DatabaseSessionHandler.php(96): Illuminate\\Database\\Query\\Builder->find('oRZxyKUQQLGHSXn...')
#16 /var/www/html/vendor/laravel/framework/src/Illuminate/Session/Store.php(128): Illuminate\\Session\\DatabaseSessionHandler->read('oRZxyKUQQLGHSXn...')
#17 /var/www/html/vendor/laravel/framework/src/Illuminate/Session/Store.php(116): Illuminate\\Session\\Store->readFromHandler()
#18 /var/www/html/vendor/laravel/framework/src/Illuminate/Session/Store.php(100): Illuminate\\Session\\Store->loadSession()
#19 /var/www/html/vendor/laravel/framework/src/Illuminate/Session/Middleware/StartSession.php(146): Illuminate\\Session\\Store->start()
#20 /var/www/html/vendor/laravel/framework/src/Illuminate/Support/helpers.php(393): Illuminate\\Session\\Middleware\\StartSession->Illuminate\\Session\\Middleware\\{closure}(Object(Illuminate\\Session\\Store))
#21 /var/www/html/vendor/laravel/framework/src/Illuminate/Session/Middleware/StartSession.php(143): tap(Object(Illuminate\\Session\\Store), Object(Closure))
#22 /var/www/html/vendor/laravel/framework/src/Illuminate/Session/Middleware/StartSession.php(115): Illuminate\\Session\\Middleware\\StartSession->startSession(Object(Illuminate\\Http\\Request), Object(Illuminate\\Session\\Store))
#23 /var/www/html/vendor/laravel/framework/src/Illuminate/Session/Middleware/StartSession.php(63): Illuminate\\Session\\Middleware\\StartSession->handleStatefulRequest(Object(Illuminate\\Http\\Request), Object(Illuminate\\Session\\Store), Object(Closure))
#24 /var/www/html/vendor/laravel/framework/src/Illuminate/Pipeline/Pipeline.php(219): Illuminate\\Session\\Middleware\\StartSession->handle(Object(Illuminate\\Http\\Request), Object(Closure))
#25 /var/www/html/vendor/laravel/framework/src/Illuminate/Cookie/Middleware/AddQueuedCookiesToResponse.php(36): Illuminate\\Pipeline\\Pipeline->Illuminate\\Pipeline\\{closure}(Object(Illuminate\\Http\\Request))
#26 /var/www/html/vendor/laravel/framework/src/Illuminate/Pipeline/Pipeline.php(219): Illuminate\\Cookie\\Middleware\\AddQueuedCookiesToResponse->handle(Object(Illuminate\\Http\\Request), Object(Closure))
#27 /var/www/html/vendor/laravel/framework/src/Illuminate/Cookie/Middleware/EncryptCookies.php(74): Illuminate\\Pipeline\\Pipeline->Illuminate\\Pipeline\\{closure}(Object(Illuminate\\Http\\Request))
#28 /var/www/html/vendor/laravel/framework/src/Illuminate/Pipeline/Pipeline.php(219): Illuminate\\Cookie\\Middleware\\EncryptCookies->handle(Object(Illuminate\\Http\\Request), Object(Closure))
#29 /var/www/html/vendor/laravel/framework/src/Illuminate/Pipeline/Pipeline.php(137): Illuminate\\Pipeline\\Pipeline->Illuminate\\Pipeline\\{closure}(Object(Illuminate\\Http\\Request))
#30 /var/www/html/vendor/laravel/framework/src/Illuminate/Routing/Router.php(821): Illuminate\\Pipeline\\Pipeline->then(Object(Closure))
#31 /var/www/html/vendor/laravel/framework/src/Illuminate/Routing/Router.php(800): Illuminate\\Routing\\Router->runRouteWithinStack(Object(Illuminate\\Routing\\Route), Object(Illuminate\\Http\\Request))
#32 /var/www/html/vendor/laravel/framework/src/Illuminate/Routing/Router.php(764): Illuminate\\Routing\\Router->runRoute(Object(Illuminate\\Http\\Request), Object(Illuminate\\Routing\\Route))
#33 /var/www/html/vendor/laravel/framework/src/Illuminate/Routing/Router.php(753): Illuminate\\Routing\\Router->dispatchToRoute(Object(Illuminate\\Http\\Request))
#34 /var/www/html/vendor/laravel/framework/src/Illuminate/Foundation/Http/Kernel.php(200): Illuminate\\Routing\\Router->dispatch(Object(Illuminate\\Http\\Request))
#35 /var/www/html/vendor/laravel/framework/src/Illuminate/Pipeline/Pipeline.php(180): Illuminate\\Foundation\\Http\\Kernel->Illuminate\\Foundation\\Http\\{closure}(Object(Illuminate\\Http\\Request))
#36 /var/www/html/vendor/laravel/framework/src/Illuminate/Foundation/Http/Middleware/TransformsRequest.php(21): Illuminate\\Pipeline\\Pipeline->Illuminate\\Pipeline\\{closure}(Object(Illuminate\\Http\\Request))
#37 /var/www/html/vendor/laravel/framework/src/Illuminate/Foundation/Http/Middleware/ConvertEmptyStringsToNull.php(31): Illuminate\\Foundation\\Http\\Middleware\\TransformsRequest->handle(Object(Illuminate\\Http\\Request), Object(Closure))
#38 /var/www/html/vendor/laravel/framework/src/Illuminate/Pipeline/Pipeline.php(219): Illuminate\\Foundation\\Http\\Middleware\\ConvertEmptyStringsToNull->handle(Object(Illuminate\\Http\\Request), Object(Closure))
#39 /var/www/html/vendor/laravel/framework/src/Illuminate/Foundation/Http/Middleware/TransformsRequest.php(21): Illuminate\\Pipeline\\Pipeline->Illuminate\\Pipeline\\{closure}(Object(Illuminate\\Http\\Request))
#40 /var/www/html/vendor/laravel/framework/src/Illuminate/Foundation/Http/Middleware/TrimStrings.php(51): Illuminate\\Foundation\\Http\\Middleware\\TransformsRequest->handle(Object(Illuminate\\Http\\Request), Object(Closure))
#41 /var/www/html/vendor/laravel/framework/src/Illuminate/Pipeline/Pipeline.php(219): Illuminate\\Foundation\\Http\\Middleware\\TrimStrings->handle(Object(Illuminate\\Http\\Request), Object(Closure))
#42 /var/www/html/vendor/laravel/framework/src/Illuminate/Http/Middleware/ValidatePostSize.php(27): Illuminate\\Pipeline\\Pipeline->Illuminate\\Pipeline\\{closure}(Object(Illuminate\\Http\\Request))
#43 /var/www/html/vendor/laravel/framework/src/Illuminate/Pipeline/Pipeline.php(219): Illuminate\\Http\\Middleware\\ValidatePostSize->handle(Object(Illuminate\\Http\\Request), Object(Closure))
#44 /var/www/html/vendor/laravel/framework/src/Illuminate/Foundation/Http/Middleware/PreventRequestsDuringMaintenance.php(109): Illuminate\\Pipeline\\Pipeline->Illuminate\\Pipeline\\{closure}(Object(Illuminate\\Http\\Request))
#45 /var/www/html/vendor/laravel/framework/src/Illuminate/Pipeline/Pipeline.php(219): Illuminate\\Foundation\\Http\\Middleware\\PreventRequestsDuringMaintenance->handle(Object(Illuminate\\Http\\Request), Object(Closure))
#46 /var/www/html/vendor/laravel/framework/src/Illuminate/Http/Middleware/HandleCors.php(61): Illuminate\\Pipeline\\Pipeline->Illuminate\\Pipeline\\{closure}(Object(Illuminate\\Http\\Request))
#47 /var/www/html/vendor/laravel/framework/src/Illuminate/Pipeline/Pipeline.php(219): Illuminate\\Http\\Middleware\\HandleCors->handle(Object(Illuminate\\Http\\Request), Object(Closure))
#48 /var/www/html/vendor/laravel/framework/src/Illuminate/Http/Middleware/TrustProxies.php(58): Illuminate\\Pipeline\\Pipeline->Illuminate\\Pipeline\\{closure}(Object(Illuminate\\Http\\Request))
#49 /var/www/html/vendor/laravel/framework/src/Illuminate/Pipeline/Pipeline.php(219): Illuminate\\Http\\Middleware\\TrustProxies->handle(Object(Illuminate\\Http\\Request), Object(Closure))
#50 /var/www/html/vendor/laravel/framework/src/Illuminate/Foundation/Http/Middleware/InvokeDeferredCallbacks.php(22): Illuminate\\Pipeline\\Pipeline->Illuminate\\Pipeline\\{closure}(Object(Illuminate\\Http\\Request))
#51 /var/www/html/vendor/laravel/framework/src/Illuminate/Pipeline/Pipeline.php(219): Illuminate\\Foundation\\Http\\Middleware\\InvokeDeferredCallbacks->handle(Object(Illuminate\\Http\\Request), Object(Closure))
#52 /var/www/html/vendor/laravel/framework/src/Illuminate/Http/Middleware/ValidatePathEncoding.php(26): Illuminate\\Pipeline\\Pipeline->Illuminate\\Pipeline\\{closure}(Object(Illuminate\\Http\\Request))
#53 /var/www/html/vendor/laravel/framework/src/Illuminate/Pipeline/Pipeline.php(219): Illuminate\\Http\\Middleware\\ValidatePathEncoding->handle(Object(Illuminate\\Http\\Request), Object(Closure))
#54 /var/www/html/vendor/laravel/framework/src/Illuminate/Pipeline/Pipeline.php(137): Illuminate\\Pipeline\\Pipeline->Illuminate\\Pipeline\\{closure}(Object(Illuminate\\Http\\Request))
#55 /var/www/html/vendor/laravel/framework/src/Illuminate/Foundation/Http/Kernel.php(175): Illuminate\\Pipeline\\Pipeline->then(Object(Closure))
#56 /var/www/html/vendor/laravel/framework/src/Illuminate/Foundation/Http/Kernel.php(144): Illuminate\\Foundation\\Http\\Kernel->sendRequestThroughRouter(Object(Illuminate\\Http\\Request))
#57 /var/www/html/vendor/laravel/framework/src/Illuminate/Foundation/Application.php(1220): Illuminate\\Foundation\\Http\\Kernel->handle(Object(Illuminate\\Http\\Request))
#58 /var/www/html/public/index.php(13): Illuminate\\Foundation\\Application->handleRequest(Object(Illuminate\\Http\\Request))
#59 {main}
"} 
[2026-09-18 15:42:31] local.ERROR: Call to a member function send() on null {"exception":"[object] (Error(code: 0): Call to a member function send() on null at /var/www/html/public/index.php:14)
[stacktrace]
#0 {main}
"} 
[2026-09-18 15:42:31] local.ERROR: Database file at path [/var/www/html/database/database.sqlite] does not exist. Ensure this is an absolute path to the database. (Connection: sqlite, Database: /var/www/html/database/database.sqlite, SQL: select * from "sessions" where "id" = JobOQ5XdQJBnTYTyQAeuyynicIy6y23qIu1jl4C1 limit 1) {"exception":"[object] (Illuminate\\Database\\QueryException(code: 0): Database file at path [/var/www/html/database/database.sqlite] does not exist. Ensure this is an absolute path to the database. (Connection: sqlite, Database: /var/www/html/database/database.sqlite, SQL: select * from \"sessions\" where \"id\" = JobOQ5XdQJBnTYTyQAeuyynicIy6y23qIu1jl4C1 limit 1) at /var/www/html/vendor/laravel/framework/src/Illuminate/Database/Connection.php:838)
[stacktrace]
#0 /var/www/html/vendor/laravel/framework/src/Illuminate/Database/Connection.php(794): Illuminate\\Database\\Connection->runQueryCallback('select * from \"...', Array, Object(Closure))
#1 /var/www/html/vendor/laravel/framework/src/Illuminate/Database/Connection.php(411): Illuminate\\Database\\Connection->run('select * from \"...', Array, Object(Closure))
#2 /var/www/html/vendor/laravel/framework/src/Illuminate/Database/Query/Builder.php(3505): Illuminate\\Database\\Connection->select('select * from \"...', Array, false)
#3 /var/www/html/vendor/laravel/framework/src/Illuminate/Database/Query/Builder.php(3490): Illuminate\\Database\\Query\\Builder->runSelect()
#4 /var/www/html/vendor/laravel/framework/src/Illuminate/Database/Query/Builder.php(4080): Illuminate\\Database\\Query\\Builder->Illuminate\\Database\\Query\\{closure}()
#5 /var/www/html/vendor/laravel/framework/src/Illuminate/Database/Query/Builder.php(3489): Illuminate\\Database\\Query\\Builder->onceWithColumns(Array, Object(Closure))
#6 /var/www/html/vendor/laravel/framework/src/Illuminate/Database/Concerns/BuildsQueries.php(366): Illuminate\\Database\\Query\\Builder->get(Array)
#7 /var/www/html/vendor/laravel/framework/src/Illuminate/Database/Query/Builder.php(3412): Illuminate\\Database\\Query\\Builder->first(Array)
#8 /var/www/html/vendor/laravel/framework/src/Illuminate/Session/DatabaseSessionHandler.php(96): Illuminate\\Database\\Query\\Builder->find('JobOQ5XdQJBnTYT...')
#9 /var/www/html/vendor/laravel/framework/src/Illuminate/Session/Store.php(128): Illuminate\\Session\\DatabaseSessionHandler->read('JobOQ5XdQJBnTYT...')
#10 /var/www/html/vendor/laravel/framework/src/Illuminate/Session/Store.php(116): Illuminate\\Session\\Store->readFromHandler()
#11 /var/www/html/vendor/laravel/framework/src/Illuminate/Session/Store.php(100): Illuminate\\Session\\Store->loadSession()
#12 /var/www/html/vendor/laravel/framework/src/Illuminate/Session/Middleware/StartSession.php(146): Illuminate\\Session\\Store->start()
#13 /var/www/html/vendor/laravel/framework/src/Illuminate/Support/helpers.php(393): Illuminate\\Session\\Middleware\\StartSession->Illuminate\\Session\\Middleware\\{closure}(Object(Illuminate\\Session\\Store))
#14 /var/www/html/vendor/laravel/framework/src/Illuminate/Session/Middleware/StartSession.php(143): tap(Object(Illuminate\\Session\\Store), Object(Closure))
#15 /var/www/html/vendor/laravel/framework/src/Illuminate/Session/Middleware/StartSession.php(115): Illuminate\\Session\\Middleware\\StartSession->startSession(Object(Illuminate\\Http\\Request), Object(Illuminate\\Session\\Store))
#16 /var/www/html/vendor/laravel/framework/src/Illuminate/Session/Middleware/StartSession.php(63): Illuminate\\Session\\Middleware\\StartSession->handleStatefulRequest(Object(Illuminate\\Http\\Request), Object(Illuminate\\Session\\Store), Object(Closure))
#17 /var/www/html/vendor/laravel/framework/src/Illuminate/Pipeline/Pipeline.php(219): Illuminate\\Session\\Middleware\\StartSession->handle(Object(Illuminate\\Http\\Request), Object(Closure))
#18 /var/www/html/vendor/laravel/framework/src/Illuminate/Cookie/Middleware/AddQueuedCookiesToResponse.php(36): Illuminate\\Pipeline\\Pipeline->Illuminate\\Pipeline\\{closure}(Object(Illuminate\\Http\\Request))
#19 /var/www/html/vendor/laravel/framework/src/Illuminate/Pipeline/Pipeline.php(219): Illuminate\\Cookie\\Middleware\\AddQueuedCookiesToResponse->handle(Object(Illuminate\\Http\\Request), Object(Closure))
#20 /var/www/html/vendor/laravel/framework/src/Illuminate/Cookie/Middleware/EncryptCookies.php(74): Illuminate\\Pipeline\\Pipeline->Illuminate\\Pipeline\\{closure}(Object(Illuminate\\Http\\Request))
#21 /var/www/html/vendor/laravel/framework/src/Illuminate/Pipeline/Pipeline.php(219): Illuminate\\Cookie\\Middleware\\EncryptCookies->handle(Object(Illuminate\\Http\\Request), Object(Closure))
#22 /var/www/html/vendor/laravel/framework/src/Illuminate/Pipeline/Pipeline.php(137): Illuminate\\Pipeline\\Pipeline->Illuminate\\Pipeline\\{closure}(Object(Illuminate\\Http\\Request))
#23 /var/www/html/vendor/laravel/framework/src/Illuminate/Routing/Router.php(821): Illuminate\\Pipeline\\Pipeline->then(Object(Closure))
#24 /var/www/html/vendor/laravel/framework/src/Illuminate/Routing/Router.php(800): Illuminate\\Routing\\Router->runRouteWithinStack(Object(Illuminate\\Routing\\Route), Object(Illuminate\\Http\\Request))
#25 /var/www/html/vendor/laravel/framework/src/Illuminate/Routing/Router.php(764): Illuminate\\Routing\\Router->runRoute(Object(Illuminate\\Http\\Request), Object(Illuminate\\Routing\\Route))
#26 /var/www/html/vendor/laravel/framework/src/Illuminate/Routing/Router.php(753): Illuminate\\Routing\\Router->dispatchToRoute(Object(Illuminate\\Http\\Request))
#27 /var/www/html/vendor/laravel/framework/src/Illuminate/Foundation/Http/Kernel.php(200): Illuminate\\Routing\\Router->dispatch(Object(Illuminate\\Http\\Request))
#28 /var/www/html/vendor/laravel/framework/src/Illuminate/Pipeline/Pipeline.php(180): Illuminate\\Foundation\\Http\\Kernel->Illuminate\\Foundation\\Http\\{closure}(Object(Illuminate\\Http\\Request))
#29 /var/www/html/vendor/laravel/framework/src/Illuminate/Foundation/Http/Middleware/TransformsRequest.php(21): Illuminate\\Pipeline\\Pipeline->Illuminate\\Pipeline\\{closure}(Object(Illuminate\\Http\\Request))
#30 /var/www/html/vendor/laravel/framework/src/Illuminate/Foundation/Http/Middleware/ConvertEmptyStringsToNull.php(31): Illuminate\\Foundation\\Http\\Middleware\\TransformsRequest->handle(Object(Illuminate\\Http\\Request), Object(Closure))
#31 /var/www/html/vendor/laravel/framework/src/Illuminate/Pipeline/Pipeline.php(219): Illuminate\\Foundation\\Http\\Middleware\\ConvertEmptyStringsToNull->handle(Object(Illuminate\\Http\\Request), Object(Closure))
#32 /var/www/html/vendor/laravel/framework/src/Illuminate/Foundation/Http/Middleware/TransformsRequest.php(21): Illuminate\\Pipeline\\Pipeline->Illuminate\\Pipeline\\{closure}(Object(Illuminate\\Http\\Request))
#33 /var/www/html/vendor/laravel/framework/src/Illuminate/Foundation/Http/Middleware/TrimStrings.php(51): Illuminate\\Foundation\\Http\\Middleware\\TransformsRequest->handle(Object(Illuminate\\Http\\Request), Object(Closure))
#34 /var/www/html/vendor/laravel/framework/src/Illuminate/Pipeline/Pipeline.php(219): Illuminate\\Foundation\\Http\\Middleware\\TrimStrings->handle(Object(Illuminate\\Http\\Request), Object(Closure))
#35 /var/www/html/vendor/laravel/framework/src/Illuminate/Http/Middleware/ValidatePostSize.php(27): Illuminate\\Pipeline\\Pipeline->Illuminate\\Pipeline\\{closure}(Object(Illuminate\\Http\\Request))
#36 /var/www/html/vendor/laravel/framework/src/Illuminate/Pipeline/Pipeline.php(219): Illuminate\\Http\\Middleware\\ValidatePostSize->handle(Object(Illuminate\\Http\\Request), Object(Closure))
#37 /var/www/html/vendor/laravel/framework/src/Illuminate/Foundation/Http/Middleware/PreventRequestsDuringMaintenance.php(109): Illuminate\\Pipeline\\Pipeline->Illuminate\\Pipeline\\{closure}(Object(Illuminate\\Http\\Request))
#38 /var/www/html/vendor/laravel/framework/src/Illuminate/Pipeline/Pipeline.php(219): Illuminate\\Foundation\\Http\\Middleware\\PreventRequestsDuringMaintenance->handle(Object(Illuminate\\Http\\Request), Object(Closure))
#39 /var/www/html/vendor/laravel/framework/src/Illuminate/Http/Middleware/HandleCors.php(61): Illuminate\\Pipeline\\Pipeline->Illuminate\\Pipeline\\{closure}(Object(Illuminate\\Http\\Request))
#40 /var/www/html/vendor/laravel/framework/src/Illuminate/Pipeline/Pipeline.php(219): Illuminate\\Http\\Middleware\\HandleCors->handle(Object(Illuminate\\Http\\Request), Object(Closure))
#41 /var/www/html/vendor/laravel/framework/src/Illuminate/Http/Middleware/TrustProxies.php(58): Illuminate\\Pipeline\\Pipeline->Illuminate\\Pipeline\\{closure}(Object(Illuminate\\Http\\Request))
#42 /var/www/html/vendor/laravel/framework/src/Illuminate/Pipeline/Pipeline.php(219): Illuminate\\Http\\Middleware\\TrustProxies->handle(Object(Illuminate\\Http\\Request), Object(Closure))
#43 /var/www/html/vendor/laravel/framework/src/Illuminate/Foundation/Http/Middleware/InvokeDeferredCallbacks.php(22): Illuminate\\Pipeline\\Pipeline->Illuminate\\Pipeline\\{closure}(Object(Illuminate\\Http\\Request))
#44 /var/www/html/vendor/laravel/framework/src/Illuminate/Pipeline/Pipeline.php(219): Illuminate\\Foundation\\Http\\Middleware\\InvokeDeferredCallbacks->handle(Object(Illuminate\\Http\\Request), Object(Closure))
#45 /var/www/html/vendor/laravel/framework/src/Illuminate/Http/Middleware/ValidatePathEncoding.php(26): Illuminate\\Pipeline\\Pipeline->Illuminate\\Pipeline\\{closure}(Object(Illuminate\\Http\\Request))
#46 /var/www/html/vendor/laravel/framework/src/Illuminate/Pipeline/Pipeline.php(219): Illuminate\\Http\\Middleware\\ValidatePathEncoding->handle(Object(Illuminate\\Http\\Request), Object(Closure))
#47 /var/www/html/vendor/laravel/framework/src/Illuminate/Pipeline/Pipeline.php(137): Illuminate\\Pipeline\\Pipeline->Illuminate\\Pipeline\\{closure}(Object(Illuminate\\Http\\Request))
#48 /var/www/html/vendor/laravel/framework/src/Illuminate/Foundation/Http/Kernel.php(175): Illuminate\\Pipeline\\Pipeline->then(Object(Closure))
#49 /var/www/html/vendor/laravel/framework/src/Illuminate/Foundation/Http/Kernel.php(144): Illuminate\\Foundation\\Http\\Kernel->sendRequestThroughRouter(Object(Illuminate\\Http\\Request))
#50 /var/www/html/vendor/laravel/framework/src/Illuminate/Foundation/Application.php(1220): Illuminate\\Foundation\\Http\\Kernel->handle(Object(Illuminate\\Http\\Request))
#51 /var/www/html/public/index.php(13): Illuminate\\Foundation\\Application->handleRequest(Object(Illuminate\\Http\\Request))
#52 {main}

[previous exception] [object] (Illuminate\\Database\\SQLiteDatabaseDoesNotExistException(code: 0): Database file at path [/var/www/html/database/database.sqlite] does not exist. Ensure this is an absolute path to the database. at /var/www/html/vendor/laravel/framework/src/Illuminate/Database/Connectors/SQLiteConnector.php:60)
[stacktrace]
#0 /var/www/html/vendor/laravel/framework/src/Illuminate/Database/Connectors/SQLiteConnector.php(19): Illuminate\\Database\\Connectors\\SQLiteConnector->parseDatabasePath(false)
#1 /var/www/html/vendor/laravel/framework/src/Illuminate/Database/Connectors/ConnectionFactory.php(225): Illuminate\\Database\\Connectors\\SQLiteConnector->connect(Array)
#2 [internal function]: Illuminate\\Database\\Connectors\\ConnectionFactory->Illuminate\\Database\\Connectors\\{closure}()
#3 /var/www/html/vendor/laravel/framework/src/Illuminate/Database/Connection.php(1257): call_user_func(Object(Closure))
#4 /var/www/html/vendor/laravel/framework/src/Illuminate/Database/Connection.php(525): Illuminate\\Database\\Connection->getPdo()
#5 /var/www/html/vendor/laravel/framework/src/Illuminate/Database/Connection.php(420): Illuminate\\Database\\Connection->getPdoForSelect(false)
#6 /var/www/html/vendor/laravel/framework/src/Illuminate/Database/Connection.php(827): Illuminate\\Database\\Connection->Illuminate\\Database\\{closure}('select * from \"...', Array)
#7 /var/www/html/vendor/laravel/framework/src/Illuminate/Database/Connection.php(794): Illuminate\\Database\\Connection->runQueryCallback('select * from \"...', Array, Object(Closure))
#8 /var/www/html/vendor/laravel/framework/src/Illuminate/Database/Connection.php(411): Illuminate\\Database\\Connection->run('select * from \"...', Array, Object(Closure))
#9 /var/www/html/vendor/laravel/framework/src/Illuminate/Database/Query/Builder.php(3505): Illuminate\\Database\\Connection->select('select * from \"...', Array, false)
#10 /var/www/html/vendor/laravel/framework/src/Illuminate/Database/Query/Builder.php(3490): Illuminate\\Database\\Query\\Builder->runSelect()
#11 /var/www/html/vendor/laravel/framework/src/Illuminate/Database/Query/Builder.php(4080): Illuminate\\Database\\Query\\Builder->Illuminate\\Database\\Query\\{closure}()
#12 /var/www/html/vendor/laravel/framework/src/Illuminate/Database/Query/Builder.php(3489): Illuminate\\Database\\Query\\Builder->onceWithColumns(Array, Object(Closure))
#13 /var/www/html/vendor/laravel/framework/src/Illuminate/Database/Concerns/BuildsQueries.php(366): Illuminate\\Database\\Query\\Builder->get(Array)
#14 /var/www/html/vendor/laravel/framework/src/Illuminate/Database/Query/Builder.php(3412): Illuminate\\Database\\Query\\Builder->first(Array)
#15 /var/www/html/vendor/laravel/framework/src/Illuminate/Session/DatabaseSessionHandler.php(96): Illuminate\\Database\\Query\\Builder->find('JobOQ5XdQJBnTYT...')
#16 /var/www/html/vendor/laravel/framework/src/Illuminate/Session/Store.php(128): Illuminate\\Session\\DatabaseSessionHandler->read('JobOQ5XdQJBnTYT...')
#17 /var/www/html/vendor/laravel/framework/src/Illuminate/Session/Store.php(116): Illuminate\\Session\\Store->readFromHandler()
#18 /var/www/html/vendor/laravel/framework/src/Illuminate/Session/Store.php(100): Illuminate\\Session\\Store->loadSession()
#19 /var/www/html/vendor/laravel/framework/src/Illuminate/Session/Middleware/StartSession.php(146): Illuminate\\Session\\Store->start()
#20 /var/www/html/vendor/laravel/framework/src/Illuminate/Support/helpers.php(393): Illuminate\\Session\\Middleware\\StartSession->Illuminate\\Session\\Middleware\\{closure}(Object(Illuminate\\Session\\Store))
#21 /var/www/html/vendor/laravel/framework/src/Illuminate/Session/Middleware/StartSession.php(143): tap(Object(Illuminate\\Session\\Store), Object(Closure))
#22 /var/www/html/vendor/laravel/framework/src/Illuminate/Session/Middleware/StartSession.php(115): Illuminate\\Session\\Middleware\\StartSession->startSession(Object(Illuminate\\Http\\Request), Object(Illuminate\\Session\\Store))
#23 /var/www/html/vendor/laravel/framework/src/Illuminate/Session/Middleware/StartSession.php(63): Illuminate\\Session\\Middleware\\StartSession->handleStatefulRequest(Object(Illuminate\\Http\\Request), Object(Illuminate\\Session\\Store), Object(Closure))
#24 /var/www/html/vendor/laravel/framework/src/Illuminate/Pipeline/Pipeline.php(219): Illuminate\\Session\\Middleware\\StartSession->handle(Object(Illuminate\\Http\\Request), Object(Closure))
#25 /var/www/html/vendor/laravel/framework/src/Illuminate/Cookie/Middleware/AddQueuedCookiesToResponse.php(36): Illuminate\\Pipeline\\Pipeline->Illuminate\\Pipeline\\{closure}(Object(Illuminate\\Http\\Request))
#26 /var/www/html/vendor/laravel/framework/src/Illuminate/Pipeline/Pipeline.php(219): Illuminate\\Cookie\\Middleware\\AddQueuedCookiesToResponse->handle(Object(Illuminate\\Http\\Request), Object(Closure))
#27 /var/www/html/vendor/laravel/framework/src/Illuminate/Cookie/Middleware/EncryptCookies.php(74): Illuminate\\Pipeline\\Pipeline->Illuminate\\Pipeline\\{closure}(Object(Illuminate\\Http\\Request))
#28 /var/www/html/vendor/laravel/framework/src/Illuminate/Pipeline/Pipeline.php(219): Illuminate\\Cookie\\Middleware\\EncryptCookies->handle(Object(Illuminate\\Http\\Request), Object(Closure))
#29 /var/www/html/vendor/laravel/framework/src/Illuminate/Pipeline/Pipeline.php(137): Illuminate\\Pipeline\\Pipeline->Illuminate\\Pipeline\\{closure}(Object(Illuminate\\Http\\Request))
#30 /var/www/html/vendor/laravel/framework/src/Illuminate/Routing/Router.php(821): Illuminate\\Pipeline\\Pipeline->then(Object(Closure))
#31 /var/www/html/vendor/laravel/framework/src/Illuminate/Routing/Router.php(800): Illuminate\\Routing\\Router->runRouteWithinStack(Object(Illuminate\\Routing\\Route), Object(Illuminate\\Http\\Request))
#32 /var/www/html/vendor/laravel/framework/src/Illuminate/Routing/Router.php(764): Illuminate\\Routing\\Router->runRoute(Object(Illuminate\\Http\\Request), Object(Illuminate\\Routing\\Route))
#33 /var/www/html/vendor/laravel/framework/src/Illuminate/Routing/Router.php(753): Illuminate\\Routing\\Router->dispatchToRoute(Object(Illuminate\\Http\\Request))
#34 /var/www/html/vendor/laravel/framework/src/Illuminate/Foundation/Http/Kernel.php(200): Illuminate\\Routing\\Router->dispatch(Object(Illuminate\\Http\\Request))
#35 /var/www/html/vendor/laravel/framework/src/Illuminate/Pipeline/Pipeline.php(180): Illuminate\\Foundation\\Http\\Kernel->Illuminate\\Foundation\\Http\\{closure}(Object(Illuminate\\Http\\Request))
#36 /var/www/html/vendor/laravel/framework/src/Illuminate/Foundation/Http/Middleware/TransformsRequest.php(21): Illuminate\\Pipeline\\Pipeline->Illuminate\\Pipeline\\{closure}(Object(Illuminate\\Http\\Request))
#37 /var/www/html/vendor/laravel/framework/src/Illuminate/Foundation/Http/Middleware/ConvertEmptyStringsToNull.php(31): Illuminate\\Foundation\\Http\\Middleware\\TransformsRequest->handle(Object(Illuminate\\Http\\Request), Object(Closure))
#38 /var/www/html/vendor/laravel/framework/src/Illuminate/Pipeline/Pipeline.php(219): Illuminate\\Foundation\\Http\\Middleware\\ConvertEmptyStringsToNull->handle(Object(Illuminate\\Http\\Request), Object(Closure))
#39 /var/www/html/vendor/laravel/framework/src/Illuminate/Foundation/Http/Middleware/TransformsRequest.php(21): Illuminate\\Pipeline\\Pipeline->Illuminate\\Pipeline\\{closure}(Object(Illuminate\\Http\\Request))
#40 /var/www/html/vendor/laravel/framework/src/Illuminate/Foundation/Http/Middleware/TrimStrings.php(51): Illuminate\\Foundation\\Http\\Middleware\\TransformsRequest->handle(Object(Illuminate\\Http\\Request), Object(Closure))
#41 /var/www/html/vendor/laravel/framework/src/Illuminate/Pipeline/Pipeline.php(219): Illuminate\\Foundation\\Http\\Middleware\\TrimStrings->handle(Object(Illuminate\\Http\\Request), Object(Closure))
#42 /var/www/html/vendor/laravel/framework/src/Illuminate/Http/Middleware/ValidatePostSize.php(27): Illuminate\\Pipeline\\Pipeline->Illuminate\\Pipeline\\{closure}(Object(Illuminate\\Http\\Request))
#43 /var/www/html/vendor/laravel/framework/src/Illuminate/Pipeline/Pipeline.php(219): Illuminate\\Http\\Middleware\\ValidatePostSize->handle(Object(Illuminate\\Http\\Request), Object(Closure))
#44 /var/www/html/vendor/laravel/framework/src/Illuminate/Foundation/Http/Middleware/PreventRequestsDuringMaintenance.php(109): Illuminate\\Pipeline\\Pipeline->Illuminate\\Pipeline\\{closure}(Object(Illuminate\\Http\\Request))
#45 /var/www/html/vendor/laravel/framework/src/Illuminate/Pipeline/Pipeline.php(219): Illuminate\\Foundation\\Http\\Middleware\\PreventRequestsDuringMaintenance->handle(Object(Illuminate\\Http\\Request), Object(Closure))
#46 /var/www/html/vendor/laravel/framework/src/Illuminate/Http/Middleware/HandleCors.php(61): Illuminate\\Pipeline\\Pipeline->Illuminate\\Pipeline\\{closure}(Object(Illuminate\\Http\\Request))
#47 /var/www/html/vendor/laravel/framework/src/Illuminate/Pipeline/Pipeline.php(219): Illuminate\\Http\\Middleware\\HandleCors->handle(Object(Illuminate\\Http\\Request), Object(Closure))
#48 /var/www/html/vendor/laravel/framework/src/Illuminate/Http/Middleware/TrustProxies.php(58): Illuminate\\Pipeline\\Pipeline->Illuminate\\Pipeline\\{closure}(Object(Illuminate\\Http\\Request))
#49 /var/www/html/vendor/laravel/framework/src/Illuminate/Pipeline/Pipeline.php(219): Illuminate\\Http\\Middleware\\TrustProxies->handle(Object(Illuminate\\Http\\Request), Object(Closure))
#50 /var/www/html/vendor/laravel/framework/src/Illuminate/Foundation/Http/Middleware/InvokeDeferredCallbacks.php(22): Illuminate\\Pipeline\\Pipeline->Illuminate\\Pipeline\\{closure}(Object(Illuminate\\Http\\Request))
#51 /var/www/html/vendor/laravel/framework/src/Illuminate/Pipeline/Pipeline.php(219): Illuminate\\Foundation\\Http\\Middleware\\InvokeDeferredCallbacks->handle(Object(Illuminate\\Http\\Request), Object(Closure))
#52 /var/www/html/vendor/laravel/framework/src/Illuminate/Http/Middleware/ValidatePathEncoding.php(26): Illuminate\\Pipeline\\Pipeline->Illuminate\\Pipeline\\{closure}(Object(Illuminate\\Http\\Request))
#53 /var/www/html/vendor/laravel/framework/src/Illuminate/Pipeline/Pipeline.php(219): Illuminate\\Http\\Middleware\\ValidatePathEncoding->handle(Object(Illuminate\\Http\\Request), Object(Closure))
#54 /var/www/html/vendor/laravel/framework/src/Illuminate/Pipeline/Pipeline.php(137): Illuminate\\Pipeline\\Pipeline->Illuminate\\Pipeline\\{closure}(Object(Illuminate\\Http\\Request))
#55 /var/www/html/vendor/laravel/framework/src/Illuminate/Foundation/Http/Kernel.php(175): Illuminate\\Pipeline\\Pipeline->then(Object(Closure))
#56 /var/www/html/vendor/laravel/framework/src/Illuminate/Foundation/Http/Kernel.php(144): Illuminate\\Foundation\\Http\\Kernel->sendRequestThroughRouter(Object(Illuminate\\Http\\Request))
#57 /var/www/html/vendor/laravel/framework/src/Illuminate/Foundation/Application.php(1220): Illuminate\\Foundation\\Http\\Kernel->handle(Object(Illuminate\\Http\\Request))
#58 /var/www/html/public/index.php(13): Illuminate\\Foundation\\Application->handleRequest(Object(Illuminate\\Http\\Request))
#59 {main}
"} 
[2026-09-18 15:42:31] local.ERROR: Call to a member function send() on null {"exception":"[object] (Error(code: 0): Call to a member function send() on null at /var/www/html/public/index.php:14)
[stacktrace]
#0 {main}
"} 
[2026-09-18 15:44:46] local.ERROR: Database file at path [/var/www/html/database/database.sqlite] does not exist. Ensure this is an absolute path to the database. (Connection: sqlite, Database: /var/www/html/database/database.sqlite, SQL: select * from "sessions" where "id" = 6h9CGeOmLW940ru4AJjcrBoSherd104gpMrUy76f limit 1) {"exception":"[object] (Illuminate\\Database\\QueryException(code: 0): Database file at path [/var/www/html/database/database.sqlite] does not exist. Ensure this is an absolute path to the database. (Connection: sqlite, Database: /var/www/html/database/database.sqlite, SQL: select * from \"sessions\" where \"id\" = 6h9CGeOmLW940ru4AJjcrBoSherd104gpMrUy76f limit 1) at /var/www/html/vendor/laravel/framework/src/Illuminate/Database/Connection.php:838)
[stacktrace]
#0 /var/www/html/vendor/laravel/framework/src/Illuminate/Database/Connection.php(794): Illuminate\\Database\\Connection->runQueryCallback('select * from \"...', Array, Object(Closure))
#1 /var/www/html/vendor/laravel/framework/src/Illuminate/Database/Connection.php(411): Illuminate\\Database\\Connection->run('select * from \"...', Array, Object(Closure))
#2 /var/www/html/vendor/laravel/framework/src/Illuminate/Database/Query/Builder.php(3505): Illuminate\\Database\\Connection->select('select * from \"...', Array, false)
#3 /var/www/html/vendor/laravel/framework/src/Illuminate/Database/Query/Builder.php(3490): Illuminate\\Database\\Query\\Builder->runSelect()
#4 /var/www/html/vendor/laravel/framework/src/Illuminate/Database/Query/Builder.php(4080): Illuminate\\Database\\Query\\Builder->Illuminate\\Database\\Query\\{closure}()
#5 /var/www/html/vendor/laravel/framework/src/Illuminate/Database/Query/Builder.php(3489): Illuminate\\Database\\Query\\Builder->onceWithColumns(Array, Object(Closure))
#6 /var/www/html/vendor/laravel/framework/src/Illuminate/Database/Concerns/BuildsQueries.php(366): Illuminate\\Database\\Query\\Builder->get(Array)
#7 /var/www/html/vendor/laravel/framework/src/Illuminate/Database/Query/Builder.php(3412): Illuminate\\Database\\Query\\Builder->first(Array)
#8 /var/www/html/vendor/laravel/framework/src/Illuminate/Session/DatabaseSessionHandler.php(96): Illuminate\\Database\\Query\\Builder->find('6h9CGeOmLW940ru...')
#9 /var/www/html/vendor/laravel/framework/src/Illuminate/Session/Store.php(128): Illuminate\\Session\\DatabaseSessionHandler->read('6h9CGeOmLW940ru...')
#10 /var/www/html/vendor/laravel/framework/src/Illuminate/Session/Store.php(116): Illuminate\\Session\\Store->readFromHandler()
#11 /var/www/html/vendor/laravel/framework/src/Illuminate/Session/Store.php(100): Illuminate\\Session\\Store->loadSession()
#12 /var/www/html/vendor/laravel/framework/src/Illuminate/Session/Middleware/StartSession.php(146): Illuminate\\Session\\Store->start()
#13 /var/www/html/vendor/laravel/framework/src/Illuminate/Support/helpers.php(393): Illuminate\\Session\\Middleware\\StartSession->Illuminate\\Session\\Middleware\\{closure}(Object(Illuminate\\Session\\Store))
#14 /var/www/html/vendor/laravel/framework/src/Illuminate/Session/Middleware/StartSession.php(143): tap(Object(Illuminate\\Session\\Store), Object(Closure))
#15 /var/www/html/vendor/laravel/framework/src/Illuminate/Session/Middleware/StartSession.php(115): Illuminate\\Session\\Middleware\\StartSession->startSession(Object(Illuminate\\Http\\Request), Object(Illuminate\\Session\\Store))
#16 /var/www/html/vendor/laravel/framework/src/Illuminate/Session/Middleware/StartSession.php(63): Illuminate\\Session\\Middleware\\StartSession->handleStatefulRequest(Object(Illuminate\\Http\\Request), Object(Illuminate\\Session\\Store), Object(Closure))
#17 /var/www/html/vendor/laravel/framework/src/Illuminate/Pipeline/Pipeline.php(219): Illuminate\\Session\\Middleware\\StartSession->handle(Object(Illuminate\\Http\\Request), Object(Closure))
#18 /var/www/html/vendor/laravel/framework/src/Illuminate/Cookie/Middleware/AddQueuedCookiesToResponse.php(36): Illuminate\\Pipeline\\Pipeline->Illuminate\\Pipeline\\{closure}(Object(Illuminate\\Http\\Request))
#19 /var/www/html/vendor/laravel/framework/src/Illuminate/Pipeline/Pipeline.php(219): Illuminate\\Cookie\\Middleware\\AddQueuedCookiesToResponse->handle(Object(Illuminate\\Http\\Request), Object(Closure))
#20 /var/www/html/vendor/laravel/framework/src/Illuminate/Cookie/Middleware/EncryptCookies.php(74): Illuminate\\Pipeline\\Pipeline->Illuminate\\Pipeline\\{closure}(Object(Illuminate\\Http\\Request))
#21 /var/www/html/vendor/laravel/framework/src/Illuminate/Pipeline/Pipeline.php(219): Illuminate\\Cookie\\Middleware\\EncryptCookies->handle(Object(Illuminate\\Http\\Request), Object(Closure))
#22 /var/www/html/vendor/laravel/framework/src/Illuminate/Pipeline/Pipeline.php(137): Illuminate\\Pipeline\\Pipeline->Illuminate\\Pipeline\\{closure}(Object(Illuminate\\Http\\Request))
#23 /var/www/html/vendor/laravel/framework/src/Illuminate/Routing/Router.php(821): Illuminate\\Pipeline\\Pipeline->then(Object(Closure))
#24 /var/www/html/vendor/laravel/framework/src/Illuminate/Routing/Router.php(800): Illuminate\\Routing\\Router->runRouteWithinStack(Object(Illuminate\\Routing\\Route), Object(Illuminate\\Http\\Request))
#25 /var/www/html/vendor/laravel/framework/src/Illuminate/Routing/Router.php(764): Illuminate\\Routing\\Router->runRoute(Object(Illuminate\\Http\\Request), Object(Illuminate\\Routing\\Route))
#26 /var/www/html/vendor/laravel/framework/src/Illuminate/Routing/Router.php(753): Illuminate\\Routing\\Router->dispatchToRoute(Object(Illuminate\\Http\\Request))
#27 /var/www/html/vendor/laravel/framework/src/Illuminate/Foundation/Http/Kernel.php(200): Illuminate\\Routing\\Router->dispatch(Object(Illuminate\\Http\\Request))
#28 /var/www/html/vendor/laravel/framework/src/Illuminate/Pipeline/Pipeline.php(180): Illuminate\\Foundation\\Http\\Kernel->Illuminate\\Foundation\\Http\\{closure}(Object(Illuminate\\Http\\Request))
#29 /var/www/html/vendor/laravel/framework/src/Illuminate/Foundation/Http/Middleware/TransformsRequest.php(21): Illuminate\\Pipeline\\Pipeline->Illuminate\\Pipeline\\{closure}(Object(Illuminate\\Http\\Request))
#30 /var/www/html/vendor/laravel/framework/src/Illuminate/Foundation/Http/Middleware/ConvertEmptyStringsToNull.php(31): Illuminate\\Foundation\\Http\\Middleware\\TransformsRequest->handle(Object(Illuminate\\Http\\Request), Object(Closure))
#31 /var/www/html/vendor/laravel/framework/src/Illuminate/Pipeline/Pipeline.php(219): Illuminate\\Foundation\\Http\\Middleware\\ConvertEmptyStringsToNull->handle(Object(Illuminate\\Http\\Request), Object(Closure))
#32 /var/www/html/vendor/laravel/framework/src/Illuminate/Foundation/Http/Middleware/TransformsRequest.php(21): Illuminate\\Pipeline\\Pipeline->Illuminate\\Pipeline\\{closure}(Object(Illuminate\\Http\\Request))
#33 /var/www/html/vendor/laravel/framework/src/Illuminate/Foundation/Http/Middleware/TrimStrings.php(51): Illuminate\\Foundation\\Http\\Middleware\\TransformsRequest->handle(Object(Illuminate\\Http\\Request), Object(Closure))
#34 /var/www/html/vendor/laravel/framework/src/Illuminate/Pipeline/Pipeline.php(219): Illuminate\\Foundation\\Http\\Middleware\\TrimStrings->handle(Object(Illuminate\\Http\\Request), Object(Closure))
#35 /var/www/html/vendor/laravel/framework/src/Illuminate/Http/Middleware/ValidatePostSize.php(27): Illuminate\\Pipeline\\Pipeline->Illuminate\\Pipeline\\{closure}(Object(Illuminate\\Http\\Request))
#36 /var/www/html/vendor/laravel/framework/src/Illuminate/Pipeline/Pipeline.php(219): Illuminate\\Http\\Middleware\\ValidatePostSize->handle(Object(Illuminate\\Http\\Request), Object(Closure))
#37 /var/www/html/vendor/laravel/framework/src/Illuminate/Foundation/Http/Middleware/PreventRequestsDuringMaintenance.php(109): Illuminate\\Pipeline\\Pipeline->Illuminate\\Pipeline\\{closure}(Object(Illuminate\\Http\\Request))
#38 /var/www/html/vendor/laravel/framework/src/Illuminate/Pipeline/Pipeline.php(219): Illuminate\\Foundation\\Http\\Middleware\\PreventRequestsDuringMaintenance->handle(Object(Illuminate\\Http\\Request), Object(Closure))
#39 /var/www/html/vendor/laravel/framework/src/Illuminate/Http/Middleware/HandleCors.php(61): Illuminate\\Pipeline\\Pipeline->Illuminate\\Pipeline\\{closure}(Object(Illuminate\\Http\\Request))
#40 /var/www/html/vendor/laravel/framework/src/Illuminate/Pipeline/Pipeline.php(219): Illuminate\\Http\\Middleware\\HandleCors->handle(Object(Illuminate\\Http\\Request), Object(Closure))
#41 /var/www/html/vendor/laravel/framework/src/Illuminate/Http/Middleware/TrustProxies.php(58): Illuminate\\Pipeline\\Pipeline->Illuminate\\Pipeline\\{closure}(Object(Illuminate\\Http\\Request))
#42 /var/www/html/vendor/laravel/framework/src/Illuminate/Pipeline/Pipeline.php(219): Illuminate\\Http\\Middleware\\TrustProxies->handle(Object(Illuminate\\Http\\Request), Object(Closure))
#43 /var/www/html/vendor/laravel/framework/src/Illuminate/Foundation/Http/Middleware/InvokeDeferredCallbacks.php(22): Illuminate\\Pipeline\\Pipeline->Illuminate\\Pipeline\\{closure}(Object(Illuminate\\Http\\Request))
#44 /var/www/html/vendor/laravel/framework/src/Illuminate/Pipeline/Pipeline.php(219): Illuminate\\Foundation\\Http\\Middleware\\InvokeDeferredCallbacks->handle(Object(Illuminate\\Http\\Request), Object(Closure))
#45 /var/www/html/vendor/laravel/framework/src/Illuminate/Http/Middleware/ValidatePathEncoding.php(26): Illuminate\\Pipeline\\Pipeline->Illuminate\\Pipeline\\{closure}(Object(Illuminate\\Http\\Request))
#46 /var/www/html/vendor/laravel/framework/src/Illuminate/Pipeline/Pipeline.php(219): Illuminate\\Http\\Middleware\\ValidatePathEncoding->handle(Object(Illuminate\\Http\\Request), Object(Closure))
#47 /var/www/html/vendor/laravel/framework/src/Illuminate/Pipeline/Pipeline.php(137): Illuminate\\Pipeline\\Pipeline->Illuminate\\Pipeline\\{closure}(Object(Illuminate\\Http\\Request))
#48 /var/www/html/vendor/laravel/framework/src/Illuminate/Foundation/Http/Kernel.php(175): Illuminate\\Pipeline\\Pipeline->then(Object(Closure))
#49 /var/www/html/vendor/laravel/framework/src/Illuminate/Foundation/Http/Kernel.php(144): Illuminate\\Foundation\\Http\\Kernel->sendRequestThroughRouter(Object(Illuminate\\Http\\Request))
#50 /var/www/html/vendor/laravel/framework/src/Illuminate/Foundation/Application.php(1220): Illuminate\\Foundation\\Http\\Kernel->handle(Object(Illuminate\\Http\\Request))
#51 /var/www/html/public/index.php(13): Illuminate\\Foundation\\Application->handleRequest(Object(Illuminate\\Http\\Request))
#52 {main}

[previous exception] [object] (Illuminate\\Database\\SQLiteDatabaseDoesNotExistException(code: 0): Database file at path [/var/www/html/database/database.sqlite] does not exist. Ensure this is an absolute path to the database. at /var/www/html/vendor/laravel/framework/src/Illuminate/Database/Connectors/SQLiteConnector.php:60)
[stacktrace]
#0 /var/www/html/vendor/laravel/framework/src/Illuminate/Database/Connectors/SQLiteConnector.php(19): Illuminate\\Database\\Connectors\\SQLiteConnector->parseDatabasePath(false)
#1 /var/www/html/vendor/laravel/framework/src/Illuminate/Database/Connectors/ConnectionFactory.php(225): Illuminate\\Database\\Connectors\\SQLiteConnector->connect(Array)
#2 [internal function]: Illuminate\\Database\\Connectors\\ConnectionFactory->Illuminate\\Database\\Connectors\\{closure}()
#3 /var/www/html/vendor/laravel/framework/src/Illuminate/Database/Connection.php(1257): call_user_func(Object(Closure))
#4 /var/www/html/vendor/laravel/framework/src/Illuminate/Database/Connection.php(525): Illuminate\\Database\\Connection->getPdo()
#5 /var/www/html/vendor/laravel/framework/src/Illuminate/Database/Connection.php(420): Illuminate\\Database\\Connection->getPdoForSelect(false)
#6 /var/www/html/vendor/laravel/framework/src/Illuminate/Database/Connection.php(827): Illuminate\\Database\\Connection->Illuminate\\Database\\{closure}('select * from \"...', Array)
#7 /var/www/html/vendor/laravel/framework/src/Illuminate/Database/Connection.php(794): Illuminate\\Database\\Connection->runQueryCallback('select * from \"...', Array, Object(Closure))
#8 /var/www/html/vendor/laravel/framework/src/Illuminate/Database/Connection.php(411): Illuminate\\Database\\Connection->run('select * from \"...', Array, Object(Closure))
#9 /var/www/html/vendor/laravel/framework/src/Illuminate/Database/Query/Builder.php(3505): Illuminate\\Database\\Connection->select('select * from \"...', Array, false)
#10 /var/www/html/vendor/laravel/framework/src/Illuminate/Database/Query/Builder.php(3490): Illuminate\\Database\\Query\\Builder->runSelect()
#11 /var/www/html/vendor/laravel/framework/src/Illuminate/Database/Query/Builder.php(4080): Illuminate\\Database\\Query\\Builder->Illuminate\\Database\\Query\\{closure}()
#12 /var/www/html/vendor/laravel/framework/src/Illuminate/Database/Query/Builder.php(3489): Illuminate\\Database\\Query\\Builder->onceWithColumns(Array, Object(Closure))
#13 /var/www/html/vendor/laravel/framework/src/Illuminate/Database/Concerns/BuildsQueries.php(366): Illuminate\\Database\\Query\\Builder->get(Array)
#14 /var/www/html/vendor/laravel/framework/src/Illuminate/Database/Query/Builder.php(3412): Illuminate\\Database\\Query\\Builder->first(Array)
#15 /var/www/html/vendor/laravel/framework/src/Illuminate/Session/DatabaseSessionHandler.php(96): Illuminate\\Database\\Query\\Builder->find('6h9CGeOmLW940ru...')
#16 /var/www/html/vendor/laravel/framework/src/Illuminate/Session/Store.php(128): Illuminate\\Session\\DatabaseSessionHandler->read('6h9CGeOmLW940ru...')
#17 /var/www/html/vendor/laravel/framework/src/Illuminate/Session/Store.php(116): Illuminate\\Session\\Store->readFromHandler()
#18 /var/www/html/vendor/laravel/framework/src/Illuminate/Session/Store.php(100): Illuminate\\Session\\Store->loadSession()
#19 /var/www/html/vendor/laravel/framework/src/Illuminate/Session/Middleware/StartSession.php(146): Illuminate\\Session\\Store->start()
#20 /var/www/html/vendor/laravel/framework/src/Illuminate/Support/helpers.php(393): Illuminate\\Session\\Middleware\\StartSession->Illuminate\\Session\\Middleware\\{closure}(Object(Illuminate\\Session\\Store))
#21 /var/www/html/vendor/laravel/framework/src/Illuminate/Session/Middleware/StartSession.php(143): tap(Object(Illuminate\\Session\\Store), Object(Closure))
#22 /var/www/html/vendor/laravel/framework/src/Illuminate/Session/Middleware/StartSession.php(115): Illuminate\\Session\\Middleware\\StartSession->startSession(Object(Illuminate\\Http\\Request), Object(Illuminate\\Session\\Store))
#23 /var/www/html/vendor/laravel/framework/src/Illuminate/Session/Middleware/StartSession.php(63): Illuminate\\Session\\Middleware\\StartSession->handleStatefulRequest(Object(Illuminate\\Http\\Request), Object(Illuminate\\Session\\Store), Object(Closure))
#24 /var/www/html/vendor/laravel/framework/src/Illuminate/Pipeline/Pipeline.php(219): Illuminate\\Session\\Middleware\\StartSession->handle(Object(Illuminate\\Http\\Request), Object(Closure))
#25 /var/www/html/vendor/laravel/framework/src/Illuminate/Cookie/Middleware/AddQueuedCookiesToResponse.php(36): Illuminate\\Pipeline\\Pipeline->Illuminate\\Pipeline\\{closure}(Object(Illuminate\\Http\\Request))
#26 /var/www/html/vendor/laravel/framework/src/Illuminate/Pipeline/Pipeline.php(219): Illuminate\\Cookie\\Middleware\\AddQueuedCookiesToResponse->handle(Object(Illuminate\\Http\\Request), Object(Closure))
#27 /var/www/html/vendor/laravel/framework/src/Illuminate/Cookie/Middleware/EncryptCookies.php(74): Illuminate\\Pipeline\\Pipeline->Illuminate\\Pipeline\\{closure}(Object(Illuminate\\Http\\Request))
#28 /var/www/html/vendor/laravel/framework/src/Illuminate/Pipeline/Pipeline.php(219): Illuminate\\Cookie\\Middleware\\EncryptCookies->handle(Object(Illuminate\\Http\\Request), Object(Closure))
#29 /var/www/html/vendor/laravel/framework/src/Illuminate/Pipeline/Pipeline.php(137): Illuminate\\Pipeline\\Pipeline->Illuminate\\Pipeline\\{closure}(Object(Illuminate\\Http\\Request))
#30 /var/www/html/vendor/laravel/framework/src/Illuminate/Routing/Router.php(821): Illuminate\\Pipeline\\Pipeline->then(Object(Closure))
#31 /var/www/html/vendor/laravel/framework/src/Illuminate/Routing/Router.php(800): Illuminate\\Routing\\Router->runRouteWithinStack(Object(Illuminate\\Routing\\Route), Object(Illuminate\\Http\\Request))
#32 /var/www/html/vendor/laravel/framework/src/Illuminate/Routing/Router.php(764): Illuminate\\Routing\\Router->runRoute(Object(Illuminate\\Http\\Request), Object(Illuminate\\Routing\\Route))
#33 /var/www/html/vendor/laravel/framework/src/Illuminate/Routing/Router.php(753): Illuminate\\Routing\\Router->dispatchToRoute(Object(Illuminate\\Http\\Request))
#34 /var/www/html/vendor/laravel/framework/src/Illuminate/Foundation/Http/Kernel.php(200): Illuminate\\Routing\\Router->dispatch(Object(Illuminate\\Http\\Request))
#35 /var/www/html/vendor/laravel/framework/src/Illuminate/Pipeline/Pipeline.php(180): Illuminate\\Foundation\\Http\\Kernel->Illuminate\\Foundation\\Http\\{closure}(Object(Illuminate\\Http\\Request))
#36 /var/www/html/vendor/laravel/framework/src/Illuminate/Foundation/Http/Middleware/TransformsRequest.php(21): Illuminate\\Pipeline\\Pipeline->Illuminate\\Pipeline\\{closure}(Object(Illuminate\\Http\\Request))
#37 /var/www/html/vendor/laravel/framework/src/Illuminate/Foundation/Http/Middleware/ConvertEmptyStringsToNull.php(31): Illuminate\\Foundation\\Http\\Middleware\\TransformsRequest->handle(Object(Illuminate\\Http\\Request), Object(Closure))
#38 /var/www/html/vendor/laravel/framework/src/Illuminate/Pipeline/Pipeline.php(219): Illuminate\\Foundation\\Http\\Middleware\\ConvertEmptyStringsToNull->handle(Object(Illuminate\\Http\\Request), Object(Closure))
#39 /var/www/html/vendor/laravel/framework/src/Illuminate/Foundation/Http/Middleware/TransformsRequest.php(21): Illuminate\\Pipeline\\Pipeline->Illuminate\\Pipeline\\{closure}(Object(Illuminate\\Http\\Request))
#40 /var/www/html/vendor/laravel/framework/src/Illuminate/Foundation/Http/Middleware/TrimStrings.php(51): Illuminate\\Foundation\\Http\\Middleware\\TransformsRequest->handle(Object(Illuminate\\Http\\Request), Object(Closure))
#41 /var/www/html/vendor/laravel/framework/src/Illuminate/Pipeline/Pipeline.php(219): Illuminate\\Foundation\\Http\\Middleware\\TrimStrings->handle(Object(Illuminate\\Http\\Request), Object(Closure))
#42 /var/www/html/vendor/laravel/framework/src/Illuminate/Http/Middleware/ValidatePostSize.php(27): Illuminate\\Pipeline\\Pipeline->Illuminate\\Pipeline\\{closure}(Object(Illuminate\\Http\\Request))
#43 /var/www/html/vendor/laravel/framework/src/Illuminate/Pipeline/Pipeline.php(219): Illuminate\\Http\\Middleware\\ValidatePostSize->handle(Object(Illuminate\\Http\\Request), Object(Closure))
#44 /var/www/html/vendor/laravel/framework/src/Illuminate/Foundation/Http/Middleware/PreventRequestsDuringMaintenance.php(109): Illuminate\\Pipeline\\Pipeline->Illuminate\\Pipeline\\{closure}(Object(Illuminate\\Http\\Request))
#45 /var/www/html/vendor/laravel/framework/src/Illuminate/Pipeline/Pipeline.php(219): Illuminate\\Foundation\\Http\\Middleware\\PreventRequestsDuringMaintenance->handle(Object(Illuminate\\Http\\Request), Object(Closure))
#46 /var/www/html/vendor/laravel/framework/src/Illuminate/Http/Middleware/HandleCors.php(61): Illuminate\\Pipeline\\Pipeline->Illuminate\\Pipeline\\{closure}(Object(Illuminate\\Http\\Request))
#47 /var/www/html/vendor/laravel/framework/src/Illuminate/Pipeline/Pipeline.php(219): Illuminate\\Http\\Middleware\\HandleCors->handle(Object(Illuminate\\Http\\Request), Object(Closure))
#48 /var/www/html/vendor/laravel/framework/src/Illuminate/Http/Middleware/TrustProxies.php(58): Illuminate\\Pipeline\\Pipeline->Illuminate\\Pipeline\\{closure}(Object(Illuminate\\Http\\Request))
#49 /var/www/html/vendor/laravel/framework/src/Illuminate/Pipeline/Pipeline.php(219): Illuminate\\Http\\Middleware\\TrustProxies->handle(Object(Illuminate\\Http\\Request), Object(Closure))
#50 /var/www/html/vendor/laravel/framework/src/Illuminate/Foundation/Http/Middleware/InvokeDeferredCallbacks.php(22): Illuminate\\Pipeline\\Pipeline->Illuminate\\Pipeline\\{closure}(Object(Illuminate\\Http\\Request))
#51 /var/www/html/vendor/laravel/framework/src/Illuminate/Pipeline/Pipeline.php(219): Illuminate\\Foundation\\Http\\Middleware\\InvokeDeferredCallbacks->handle(Object(Illuminate\\Http\\Request), Object(Closure))
#52 /var/www/html/vendor/laravel/framework/src/Illuminate/Http/Middleware/ValidatePathEncoding.php(26): Illuminate\\Pipeline\\Pipeline->Illuminate\\Pipeline\\{closure}(Object(Illuminate\\Http\\Request))
#53 /var/www/html/vendor/laravel/framework/src/Illuminate/Pipeline/Pipeline.php(219): Illuminate\\Http\\Middleware\\ValidatePathEncoding->handle(Object(Illuminate\\Http\\Request), Object(Closure))
#54 /var/www/html/vendor/laravel/framework/src/Illuminate/Pipeline/Pipeline.php(137): Illuminate\\Pipeline\\Pipeline->Illuminate\\Pipeline\\{closure}(Object(Illuminate\\Http\\Request))
#55 /var/www/html/vendor/laravel/framework/src/Illuminate/Foundation/Http/Kernel.php(175): Illuminate\\Pipeline\\Pipeline->then(Object(Closure))
#56 /var/www/html/vendor/laravel/framework/src/Illuminate/Foundation/Http/Kernel.php(144): Illuminate\\Foundation\\Http\\Kernel->sendRequestThroughRouter(Object(Illuminate\\Http\\Request))
#57 /var/www/html/vendor/laravel/framework/src/Illuminate/Foundation/Application.php(1220): Illuminate\\Foundation\\Http\\Kernel->handle(Object(Illuminate\\Http\\Request))
#58 /var/www/html/public/index.php(13): Illuminate\\Foundation\\Application->handleRequest(Object(Illuminate\\Http\\Request))
#59 {main}
"} 
[2026-09-18 15:44:46] local.ERROR: Database file at path [/var/www/html/database/database.sqlite] does not exist. Ensure this is an absolute path to the database. (Connection: sqlite, Database: /var/www/html/database/database.sqlite, SQL: select * from "sessions" where "id" = 2lR1te1sMLQ9fZ2H6I08MSw6PbJ1ytF0WK0lHnfX limit 1) {"exception":"[object] (Illuminate\\Database\\QueryException(code: 0): Database file at path [/var/www/html/database/database.sqlite] does not exist. Ensure this is an absolute path to the database. (Connection: sqlite, Database: /var/www/html/database/database.sqlite, SQL: select * from \"sessions\" where \"id\" = 2lR1te1sMLQ9fZ2H6I08MSw6PbJ1ytF0WK0lHnfX limit 1) at /var/www/html/vendor/laravel/framework/src/Illuminate/Database/Connection.php:838)
[stacktrace]
#0 /var/www/html/vendor/laravel/framework/src/Illuminate/Database/Connection.php(794): Illuminate\\Database\\Connection->runQueryCallback('select * from \"...', Array, Object(Closure))
#1 /var/www/html/vendor/laravel/framework/src/Illuminate/Database/Connection.php(411): Illuminate\\Database\\Connection->run('select * from \"...', Array, Object(Closure))
#2 /var/www/html/vendor/laravel/framework/src/Illuminate/Database/Query/Builder.php(3505): Illuminate\\Database\\Connection->select('select * from \"...', Array, false)
#3 /var/www/html/vendor/laravel/framework/src/Illuminate/Database/Query/Builder.php(3490): Illuminate\\Database\\Query\\Builder->runSelect()
#4 /var/www/html/vendor/laravel/framework/src/Illuminate/Database/Query/Builder.php(4080): Illuminate\\Database\\Query\\Builder->Illuminate\\Database\\Query\\{closure}()
#5 /var/www/html/vendor/laravel/framework/src/Illuminate/Database/Query/Builder.php(3489): Illuminate\\Database\\Query\\Builder->onceWithColumns(Array, Object(Closure))
#6 /var/www/html/vendor/laravel/framework/src/Illuminate/Database/Concerns/BuildsQueries.php(366): Illuminate\\Database\\Query\\Builder->get(Array)
#7 /var/www/html/vendor/laravel/framework/src/Illuminate/Database/Query/Builder.php(3412): Illuminate\\Database\\Query\\Builder->first(Array)
#8 /var/www/html/vendor/laravel/framework/src/Illuminate/Session/DatabaseSessionHandler.php(96): Illuminate\\Database\\Query\\Builder->find('2lR1te1sMLQ9fZ2...')
#9 /var/www/html/vendor/laravel/framework/src/Illuminate/Session/Store.php(128): Illuminate\\Session\\DatabaseSessionHandler->read('2lR1te1sMLQ9fZ2...')
#10 /var/www/html/vendor/laravel/framework/src/Illuminate/Session/Store.php(116): Illuminate\\Session\\Store->readFromHandler()
#11 /var/www/html/vendor/laravel/framework/src/Illuminate/Session/Store.php(100): Illuminate\\Session\\Store->loadSession()
#12 /var/www/html/vendor/laravel/framework/src/Illuminate/Session/Middleware/StartSession.php(146): Illuminate\\Session\\Store->start()
#13 /var/www/html/vendor/laravel/framework/src/Illuminate/Support/helpers.php(393): Illuminate\\Session\\Middleware\\StartSession->Illuminate\\Session\\Middleware\\{closure}(Object(Illuminate\\Session\\Store))
#14 /var/www/html/vendor/laravel/framework/src/Illuminate/Session/Middleware/StartSession.php(143): tap(Object(Illuminate\\Session\\Store), Object(Closure))
#15 /var/www/html/vendor/laravel/framework/src/Illuminate/Session/Middleware/StartSession.php(115): Illuminate\\Session\\Middleware\\StartSession->startSession(Object(Illuminate\\Http\\Request), Object(Illuminate\\Session\\Store))
#16 /var/www/html/vendor/laravel/framework/src/Illuminate/Session/Middleware/StartSession.php(63): Illuminate\\Session\\Middleware\\StartSession->handleStatefulRequest(Object(Illuminate\\Http\\Request), Object(Illuminate\\Session\\Store), Object(Closure))
#17 /var/www/html/vendor/laravel/framework/src/Illuminate/Pipeline/Pipeline.php(219): Illuminate\\Session\\Middleware\\StartSession->handle(Object(Illuminate\\Http\\Request), Object(Closure))
#18 /var/www/html/vendor/laravel/framework/src/Illuminate/Cookie/Middleware/AddQueuedCookiesToResponse.php(36): Illuminate\\Pipeline\\Pipeline->Illuminate\\Pipeline\\{closure}(Object(Illuminate\\Http\\Request))
#19 /var/www/html/vendor/laravel/framework/src/Illuminate/Pipeline/Pipeline.php(219): Illuminate\\Cookie\\Middleware\\AddQueuedCookiesToResponse->handle(Object(Illuminate\\Http\\Request), Object(Closure))
#20 /var/www/html/vendor/laravel/framework/src/Illuminate/Cookie/Middleware/EncryptCookies.php(74): Illuminate\\Pipeline\\Pipeline->Illuminate\\Pipeline\\{closure}(Object(Illuminate\\Http\\Request))
#21 /var/www/html/vendor/laravel/framework/src/Illuminate/Pipeline/Pipeline.php(219): Illuminate\\Cookie\\Middleware\\EncryptCookies->handle(Object(Illuminate\\Http\\Request), Object(Closure))
#22 /var/www/html/vendor/laravel/framework/src/Illuminate/Pipeline/Pipeline.php(137): Illuminate\\Pipeline\\Pipeline->Illuminate\\Pipeline\\{closure}(Object(Illuminate\\Http\\Request))
#23 /var/www/html/vendor/laravel/framework/src/Illuminate/Routing/Router.php(821): Illuminate\\Pipeline\\Pipeline->then(Object(Closure))
#24 /var/www/html/vendor/laravel/framework/src/Illuminate/Routing/Router.php(800): Illuminate\\Routing\\Router->runRouteWithinStack(Object(Illuminate\\Routing\\Route), Object(Illuminate\\Http\\Request))
#25 /var/www/html/vendor/laravel/framework/src/Illuminate/Routing/Router.php(764): Illuminate\\Routing\\Router->runRoute(Object(Illuminate\\Http\\Request), Object(Illuminate\\Routing\\Route))
#26 /var/www/html/vendor/laravel/framework/src/Illuminate/Routing/Router.php(753): Illuminate\\Routing\\Router->dispatchToRoute(Object(Illuminate\\Http\\Request))
#27 /var/www/html/vendor/laravel/framework/src/Illuminate/Foundation/Http/Kernel.php(200): Illuminate\\Routing\\Router->dispatch(Object(Illuminate\\Http\\Request))
#28 /var/www/html/vendor/laravel/framework/src/Illuminate/Pipeline/Pipeline.php(180): Illuminate\\Foundation\\Http\\Kernel->Illuminate\\Foundation\\Http\\{closure}(Object(Illuminate\\Http\\Request))
#29 /var/www/html/vendor/laravel/framework/src/Illuminate/Foundation/Http/Middleware/TransformsRequest.php(21): Illuminate\\Pipeline\\Pipeline->Illuminate\\Pipeline\\{closure}(Object(Illuminate\\Http\\Request))
#30 /var/www/html/vendor/laravel/framework/src/Illuminate/Foundation/Http/Middleware/ConvertEmptyStringsToNull.php(31): Illuminate\\Foundation\\Http\\Middleware\\TransformsRequest->handle(Object(Illuminate\\Http\\Request), Object(Closure))
#31 /var/www/html/vendor/laravel/framework/src/Illuminate/Pipeline/Pipeline.php(219): Illuminate\\Foundation\\Http\\Middleware\\ConvertEmptyStringsToNull->handle(Object(Illuminate\\Http\\Request), Object(Closure))
#32 /var/www/html/vendor/laravel/framework/src/Illuminate/Foundation/Http/Middleware/TransformsRequest.php(21): Illuminate\\Pipeline\\Pipeline->Illuminate\\Pipeline\\{closure}(Object(Illuminate\\Http\\Request))
#33 /var/www/html/vendor/laravel/framework/src/Illuminate/Foundation/Http/Middleware/TrimStrings.php(51): Illuminate\\Foundation\\Http\\Middleware\\TransformsRequest->handle(Object(Illuminate\\Http\\Request), Object(Closure))
#34 /var/www/html/vendor/laravel/framework/src/Illuminate/Pipeline/Pipeline.php(219): Illuminate\\Foundation\\Http\\Middleware\\TrimStrings->handle(Object(Illuminate\\Http\\Request), Object(Closure))
#35 /var/www/html/vendor/laravel/framework/src/Illuminate/Http/Middleware/ValidatePostSize.php(27): Illuminate\\Pipeline\\Pipeline->Illuminate\\Pipeline\\{closure}(Object(Illuminate\\Http\\Request))
#36 /var/www/html/vendor/laravel/framework/src/Illuminate/Pipeline/Pipeline.php(219): Illuminate\\Http\\Middleware\\ValidatePostSize->handle(Object(Illuminate\\Http\\Request), Object(Closure))
#37 /var/www/html/vendor/laravel/framework/src/Illuminate/Foundation/Http/Middleware/PreventRequestsDuringMaintenance.php(109): Illuminate\\Pipeline\\Pipeline->Illuminate\\Pipeline\\{closure}(Object(Illuminate\\Http\\Request))
#38 /var/www/html/vendor/laravel/framework/src/Illuminate/Pipeline/Pipeline.php(219): Illuminate\\Foundation\\Http\\Middleware\\PreventRequestsDuringMaintenance->handle(Object(Illuminate\\Http\\Request), Object(Closure))
#39 /var/www/html/vendor/laravel/framework/src/Illuminate/Http/Middleware/HandleCors.php(61): Illuminate\\Pipeline\\Pipeline->Illuminate\\Pipeline\\{closure}(Object(Illuminate\\Http\\Request))
#40 /var/www/html/vendor/laravel/framework/src/Illuminate/Pipeline/Pipeline.php(219): Illuminate\\Http\\Middleware\\HandleCors->handle(Object(Illuminate\\Http\\Request), Object(Closure))
#41 /var/www/html/vendor/laravel/framework/src/Illuminate/Http/Middleware/TrustProxies.php(58): Illuminate\\Pipeline\\Pipeline->Illuminate\\Pipeline\\{closure}(Object(Illuminate\\Http\\Request))
#42 /var/www/html/vendor/laravel/framework/src/Illuminate/Pipeline/Pipeline.php(219): Illuminate\\Http\\Middleware\\TrustProxies->handle(Object(Illuminate\\Http\\Request), Object(Closure))
#43 /var/www/html/vendor/laravel/framework/src/Illuminate/Foundation/Http/Middleware/InvokeDeferredCallbacks.php(22): Illuminate\\Pipeline\\Pipeline->Illuminate\\Pipeline\\{closure}(Object(Illuminate\\Http\\Request))
#44 /var/www/html/vendor/laravel/framework/src/Illuminate/Pipeline/Pipeline.php(219): Illuminate\\Foundation\\Http\\Middleware\\InvokeDeferredCallbacks->handle(Object(Illuminate\\Http\\Request), Object(Closure))
#45 /var/www/html/vendor/laravel/framework/src/Illuminate/Http/Middleware/ValidatePathEncoding.php(26): Illuminate\\Pipeline\\Pipeline->Illuminate\\Pipeline\\{closure}(Object(Illuminate\\Http\\Request))
#46 /var/www/html/vendor/laravel/framework/src/Illuminate/Pipeline/Pipeline.php(219): Illuminate\\Http\\Middleware\\ValidatePathEncoding->handle(Object(Illuminate\\Http\\Request), Object(Closure))
#47 /var/www/html/vendor/laravel/framework/src/Illuminate/Pipeline/Pipeline.php(137): Illuminate\\Pipeline\\Pipeline->Illuminate\\Pipeline\\{closure}(Object(Illuminate\\Http\\Request))
#48 /var/www/html/vendor/laravel/framework/src/Illuminate/Foundation/Http/Kernel.php(175): Illuminate\\Pipeline\\Pipeline->then(Object(Closure))
#49 /var/www/html/vendor/laravel/framework/src/Illuminate/Foundation/Http/Kernel.php(144): Illuminate\\Foundation\\Http\\Kernel->sendRequestThroughRouter(Object(Illuminate\\Http\\Request))
#50 /var/www/html/vendor/laravel/framework/src/Illuminate/Foundation/Application.php(1220): Illuminate\\Foundation\\Http\\Kernel->handle(Object(Illuminate\\Http\\Request))
#51 /var/www/html/public/index.php(13): Illuminate\\Foundation\\Application->handleRequest(Object(Illuminate\\Http\\Request))
#52 {main}

[previous exception] [object] (Illuminate\\Database\\SQLiteDatabaseDoesNotExistException(code: 0): Database file at path [/var/www/html/database/database.sqlite] does not exist. Ensure this is an absolute path to the database. at /var/www/html/vendor/laravel/framework/src/Illuminate/Database/Connectors/SQLiteConnector.php:60)
[stacktrace]
#0 /var/www/html/vendor/laravel/framework/src/Illuminate/Database/Connectors/SQLiteConnector.php(19): Illuminate\\Database\\Connectors\\SQLiteConnector->parseDatabasePath(false)
#1 /var/www/html/vendor/laravel/framework/src/Illuminate/Database/Connectors/ConnectionFactory.php(225): Illuminate\\Database\\Connectors\\SQLiteConnector->connect(Array)
#2 [internal function]: Illuminate\\Database\\Connectors\\ConnectionFactory->Illuminate\\Database\\Connectors\\{closure}()
#3 /var/www/html/vendor/laravel/framework/src/Illuminate/Database/Connection.php(1257): call_user_func(Object(Closure))
#4 /var/www/html/vendor/laravel/framework/src/Illuminate/Database/Connection.php(525): Illuminate\\Database\\Connection->getPdo()
#5 /var/www/html/vendor/laravel/framework/src/Illuminate/Database/Connection.php(420): Illuminate\\Database\\Connection->getPdoForSelect(false)
#6 /var/www/html/vendor/laravel/framework/src/Illuminate/Database/Connection.php(827): Illuminate\\Database\\Connection->Illuminate\\Database\\{closure}('select * from \"...', Array)
#7 /var/www/html/vendor/laravel/framework/src/Illuminate/Database/Connection.php(794): Illuminate\\Database\\Connection->runQueryCallback('select * from \"...', Array, Object(Closure))
#8 /var/www/html/vendor/laravel/framework/src/Illuminate/Database/Connection.php(411): Illuminate\\Database\\Connection->run('select * from \"...', Array, Object(Closure))
#9 /var/www/html/vendor/laravel/framework/src/Illuminate/Database/Query/Builder.php(3505): Illuminate\\Database\\Connection->select('select * from \"...', Array, false)
#10 /var/www/html/vendor/laravel/framework/src/Illuminate/Database/Query/Builder.php(3490): Illuminate\\Database\\Query\\Builder->runSelect()
#11 /var/www/html/vendor/laravel/framework/src/Illuminate/Database/Query/Builder.php(4080): Illuminate\\Database\\Query\\Builder->Illuminate\\Database\\Query\\{closure}()
#12 /var/www/html/vendor/laravel/framework/src/Illuminate/Database/Query/Builder.php(3489): Illuminate\\Database\\Query\\Builder->onceWithColumns(Array, Object(Closure))
#13 /var/www/html/vendor/laravel/framework/src/Illuminate/Database/Concerns/BuildsQueries.php(366): Illuminate\\Database\\Query\\Builder->get(Array)
#14 /var/www/html/vendor/laravel/framework/src/Illuminate/Database/Query/Builder.php(3412): Illuminate\\Database\\Query\\Builder->first(Array)
#15 /var/www/html/vendor/laravel/framework/src/Illuminate/Session/DatabaseSessionHandler.php(96): Illuminate\\Database\\Query\\Builder->find('2lR1te1sMLQ9fZ2...')
#16 /var/www/html/vendor/laravel/framework/src/Illuminate/Session/Store.php(128): Illuminate\\Session\\DatabaseSessionHandler->read('2lR1te1sMLQ9fZ2...')
#17 /var/www/html/vendor/laravel/framework/src/Illuminate/Session/Store.php(116): Illuminate\\Session\\Store->readFromHandler()
#18 /var/www/html/vendor/laravel/framework/src/Illuminate/Session/Store.php(100): Illuminate\\Session\\Store->loadSession()
#19 /var/www/html/vendor/laravel/framework/src/Illuminate/Session/Middleware/StartSession.php(146): Illuminate\\Session\\Store->start()
#20 /var/www/html/vendor/laravel/framework/src/Illuminate/Support/helpers.php(393): Illuminate\\Session\\Middleware\\StartSession->Illuminate\\Session\\Middleware\\{closure}(Object(Illuminate\\Session\\Store))
#21 /var/www/html/vendor/laravel/framework/src/Illuminate/Session/Middleware/StartSession.php(143): tap(Object(Illuminate\\Session\\Store), Object(Closure))
#22 /var/www/html/vendor/laravel/framework/src/Illuminate/Session/Middleware/StartSession.php(115): Illuminate\\Session\\Middleware\\StartSession->startSession(Object(Illuminate\\Http\\Request), Object(Illuminate\\Session\\Store))
#23 /var/www/html/vendor/laravel/framework/src/Illuminate/Session/Middleware/StartSession.php(63): Illuminate\\Session\\Middleware\\StartSession->handleStatefulRequest(Object(Illuminate\\Http\\Request), Object(Illuminate\\Session\\Store), Object(Closure))
#24 /var/www/html/vendor/laravel/framework/src/Illuminate/Pipeline/Pipeline.php(219): Illuminate\\Session\\Middleware\\StartSession->handle(Object(Illuminate\\Http\\Request), Object(Closure))
#25 /var/www/html/vendor/laravel/framework/src/Illuminate/Cookie/Middleware/AddQueuedCookiesToResponse.php(36): Illuminate\\Pipeline\\Pipeline->Illuminate\\Pipeline\\{closure}(Object(Illuminate\\Http\\Request))
#26 /var/www/html/vendor/laravel/framework/src/Illuminate/Pipeline/Pipeline.php(219): Illuminate\\Cookie\\Middleware\\AddQueuedCookiesToResponse->handle(Object(Illuminate\\Http\\Request), Object(Closure))
#27 /var/www/html/vendor/laravel/framework/src/Illuminate/Cookie/Middleware/EncryptCookies.php(74): Illuminate\\Pipeline\\Pipeline->Illuminate\\Pipeline\\{closure}(Object(Illuminate\\Http\\Request))
#28 /var/www/html/vendor/laravel/framework/src/Illuminate/Pipeline/Pipeline.php(219): Illuminate\\Cookie\\Middleware\\EncryptCookies->handle(Object(Illuminate\\Http\\Request), Object(Closure))
#29 /var/www/html/vendor/laravel/framework/src/Illuminate/Pipeline/Pipeline.php(137): Illuminate\\Pipeline\\Pipeline->Illuminate\\Pipeline\\{closure}(Object(Illuminate\\Http\\Request))
#30 /var/www/html/vendor/laravel/framework/src/Illuminate/Routing/Router.php(821): Illuminate\\Pipeline\\Pipeline->then(Object(Closure))
#31 /var/www/html/vendor/laravel/framework/src/Illuminate/Routing/Router.php(800): Illuminate\\Routing\\Router->runRouteWithinStack(Object(Illuminate\\Routing\\Route), Object(Illuminate\\Http\\Request))
#32 /var/www/html/vendor/laravel/framework/src/Illuminate/Routing/Router.php(764): Illuminate\\Routing\\Router->runRoute(Object(Illuminate\\Http\\Request), Object(Illuminate\\Routing\\Route))
#33 /var/www/html/vendor/laravel/framework/src/Illuminate/Routing/Router.php(753): Illuminate\\Routing\\Router->dispatchToRoute(Object(Illuminate\\Http\\Request))
#34 /var/www/html/vendor/laravel/framework/src/Illuminate/Foundation/Http/Kernel.php(200): Illuminate\\Routing\\Router->dispatch(Object(Illuminate\\Http\\Request))
#35 /var/www/html/vendor/laravel/framework/src/Illuminate/Pipeline/Pipeline.php(180): Illuminate\\Foundation\\Http\\Kernel->Illuminate\\Foundation\\Http\\{closure}(Object(Illuminate\\Http\\Request))
#36 /var/www/html/vendor/laravel/framework/src/Illuminate/Foundation/Http/Middleware/TransformsRequest.php(21): Illuminate\\Pipeline\\Pipeline->Illuminate\\Pipeline\\{closure}(Object(Illuminate\\Http\\Request))
#37 /var/www/html/vendor/laravel/framework/src/Illuminate/Foundation/Http/Middleware/ConvertEmptyStringsToNull.php(31): Illuminate\\Foundation\\Http\\Middleware\\TransformsRequest->handle(Object(Illuminate\\Http\\Request), Object(Closure))
#38 /var/www/html/vendor/laravel/framework/src/Illuminate/Pipeline/Pipeline.php(219): Illuminate\\Foundation\\Http\\Middleware\\ConvertEmptyStringsToNull->handle(Object(Illuminate\\Http\\Request), Object(Closure))
#39 /var/www/html/vendor/laravel/framework/src/Illuminate/Foundation/Http/Middleware/TransformsRequest.php(21): Illuminate\\Pipeline\\Pipeline->Illuminate\\Pipeline\\{closure}(Object(Illuminate\\Http\\Request))
#40 /var/www/html/vendor/laravel/framework/src/Illuminate/Foundation/Http/Middleware/TrimStrings.php(51): Illuminate\\Foundation\\Http\\Middleware\\TransformsRequest->handle(Object(Illuminate\\Http\\Request), Object(Closure))
#41 /var/www/html/vendor/laravel/framework/src/Illuminate/Pipeline/Pipeline.php(219): Illuminate\\Foundation\\Http\\Middleware\\TrimStrings->handle(Object(Illuminate\\Http\\Request), Object(Closure))
#42 /var/www/html/vendor/laravel/framework/src/Illuminate/Http/Middleware/ValidatePostSize.php(27): Illuminate\\Pipeline\\Pipeline->Illuminate\\Pipeline\\{closure}(Object(Illuminate\\Http\\Request))
#43 /var/www/html/vendor/laravel/framework/src/Illuminate/Pipeline/Pipeline.php(219): Illuminate\\Http\\Middleware\\ValidatePostSize->handle(Object(Illuminate\\Http\\Request), Object(Closure))
#44 /var/www/html/vendor/laravel/framework/src/Illuminate/Foundation/Http/Middleware/PreventRequestsDuringMaintenance.php(109): Illuminate\\Pipeline\\Pipeline->Illuminate\\Pipeline\\{closure}(Object(Illuminate\\Http\\Request))
#45 /var/www/html/vendor/laravel/framework/src/Illuminate/Pipeline/Pipeline.php(219): Illuminate\\Foundation\\Http\\Middleware\\PreventRequestsDuringMaintenance->handle(Object(Illuminate\\Http\\Request), Object(Closure))
#46 /var/www/html/vendor/laravel/framework/src/Illuminate/Http/Middleware/HandleCors.php(61): Illuminate\\Pipeline\\Pipeline->Illuminate\\Pipeline\\{closure}(Object(Illuminate\\Http\\Request))
#47 /var/www/html/vendor/laravel/framework/src/Illuminate/Pipeline/Pipeline.php(219): Illuminate\\Http\\Middleware\\HandleCors->handle(Object(Illuminate\\Http\\Request), Object(Closure))
#48 /var/www/html/vendor/laravel/framework/src/Illuminate/Http/Middleware/TrustProxies.php(58): Illuminate\\Pipeline\\Pipeline->Illuminate\\Pipeline\\{closure}(Object(Illuminate\\Http\\Request))
#49 /var/www/html/vendor/laravel/framework/src/Illuminate/Pipeline/Pipeline.php(219): Illuminate\\Http\\Middleware\\TrustProxies->handle(Object(Illuminate\\Http\\Request), Object(Closure))
#50 /var/www/html/vendor/laravel/framework/src/Illuminate/Foundation/Http/Middleware/InvokeDeferredCallbacks.php(22): Illuminate\\Pipeline\\Pipeline->Illuminate\\Pipeline\\{closure}(Object(Illuminate\\Http\\Request))
#51 /var/www/html/vendor/laravel/framework/src/Illuminate/Pipeline/Pipeline.php(219): Illuminate\\Foundation\\Http\\Middleware\\InvokeDeferredCallbacks->handle(Object(Illuminate\\Http\\Request), Object(Closure))
#52 /var/www/html/vendor/laravel/framework/src/Illuminate/Http/Middleware/ValidatePathEncoding.php(26): Illuminate\\Pipeline\\Pipeline->Illuminate\\Pipeline\\{closure}(Object(Illuminate\\Http\\Request))
#53 /var/www/html/vendor/laravel/framework/src/Illuminate/Pipeline/Pipeline.php(219): Illuminate\\Http\\Middleware\\ValidatePathEncoding->handle(Object(Illuminate\\Http\\Request), Object(Closure))
#54 /var/www/html/vendor/laravel/framework/src/Illuminate/Pipeline/Pipeline.php(137): Illuminate\\Pipeline\\Pipeline->Illuminate\\Pipeline\\{closure}(Object(Illuminate\\Http\\Request))
#55 /var/www/html/vendor/laravel/framework/src/Illuminate/Foundation/Http/Kernel.php(175): Illuminate\\Pipeline\\Pipeline->then(Object(Closure))
#56 /var/www/html/vendor/laravel/framework/src/Illuminate/Foundation/Http/Kernel.php(144): Illuminate\\Foundation\\Http\\Kernel->sendRequestThroughRouter(Object(Illuminate\\Http\\Request))
#57 /var/www/html/vendor/laravel/framework/src/Illuminate/Foundation/Application.php(1220): Illuminate\\Foundation\\Http\\Kernel->handle(Object(Illuminate\\Http\\Request))
#58 /var/www/html/public/index.php(13): Illuminate\\Foundation\\Application->handleRequest(Object(Illuminate\\Http\\Request))
#59 {main}
"} 
[2026-09-18 15:44:46] local.ERROR: Please provide a valid cache path. {"exception":"[object] (InvalidArgumentException(code: 0): Please provide a valid cache path. at /var/www/html/vendor/laravel/framework/src/Illuminate/View/Compilers/Compiler.php:75)
[stacktrace]
#0 /var/www/html/vendor/laravel/framework/src/Illuminate/View/ViewServiceProvider.php(97): Illuminate\\View\\Compilers\\Compiler->__construct(Object(Illuminate\\Filesystem\\Filesystem), false, '', true, 'php', true)
#1 /var/www/html/vendor/laravel/framework/src/Illuminate/Container/Container.php(1115): Illuminate\\View\\ViewServiceProvider->Illuminate\\View\\{closure}(Object(Illuminate\\Foundation\\Application), Array)
#2 /var/www/html/vendor/laravel/framework/src/Illuminate/Container/Container.php(933): Illuminate\\Container\\Container->build(Object(Closure))
#3 /var/www/html/vendor/laravel/framework/src/Illuminate/Foundation/Application.php(1078): Illuminate\\Container\\Container->resolve('blade.compiler', Array, true)
#4 /var/www/html/vendor/laravel/framework/src/Illuminate/Container/Container.php(864): Illuminate\\Foundation\\Application->resolve('blade.compiler', Array)
#5 /var/www/html/vendor/laravel/framework/src/Illuminate/Foundation/Application.php(1058): Illuminate\\Container\\Container->make('blade.compiler', Array)
#6 /var/www/html/vendor/laravel/framework/src/Illuminate/View/ViewServiceProvider.php(169): Illuminate\\Foundation\\Application->make('blade.compiler')
#7 [internal function]: Illuminate\\View\\ViewServiceProvider->Illuminate\\View\\{closure}()
#8 /var/www/html/vendor/laravel/framework/src/Illuminate/View/Engines/EngineResolver.php(55): call_user_func(Object(Closure))
#9 /var/www/html/vendor/laravel/framework/src/Illuminate/View/Factory.php(325): Illuminate\\View\\Engines\\EngineResolver->resolve('blade')
#10 /var/www/html/vendor/laravel/framework/src/Illuminate/View/Factory.php(287): Illuminate\\View\\Factory->getEngineFromPath('/var/www/html/v...')
#11 /var/www/html/vendor/laravel/framework/src/Illuminate/View/Factory.php(159): Illuminate\\View\\Factory->viewInstance('errors::500', '/var/www/html/v...', Array)
#12 /var/www/html/vendor/laravel/framework/src/Illuminate/Routing/ResponseFactory.php(91): Illuminate\\View\\Factory->make('errors::500', Array)
#13 /var/www/html/vendor/laravel/framework/src/Illuminate/Foundation/Exceptions/Handler.php(926): Illuminate\\Routing\\ResponseFactory->view('errors::500', Array, 500, Array)
#14 /var/www/html/vendor/laravel/framework/src/Illuminate/Foundation/Exceptions/Handler.php(847): Illuminate\\Foundation\\Exceptions\\Handler->renderHttpException(Object(Symfony\\Component\\HttpKernel\\Exception\\HttpException))
#15 /var/www/html/vendor/laravel/framework/src/Illuminate/Foundation/Exceptions/Handler.php(738): Illuminate\\Foundation\\Exceptions\\Handler->prepareResponse(Object(Illuminate\\Http\\Request), Object(Symfony\\Component\\HttpKernel\\Exception\\HttpException))
#16 /var/www/html/vendor/laravel/framework/src/Illuminate/Foundation/Exceptions/Handler.php(626): Illuminate\\Foundation\\Exceptions\\Handler->renderExceptionResponse(Object(Illuminate\\Http\\Request), Object(Illuminate\\Database\\QueryException))
#17 /var/www/html/vendor/laravel/framework/src/Illuminate/Routing/Pipeline.php(51): Illuminate\\Foundation\\Exceptions\\Handler->render(Object(Illuminate\\Http\\Request), Object(Illuminate\\Database\\QueryException))
#18 /var/www/html/vendor/laravel/framework/src/Illuminate/Pipeline/Pipeline.php(224): Illuminate\\Routing\\Pipeline->handleException(Object(Illuminate\\Http\\Request), Object(Illuminate\\Database\\QueryException))
#19 /var/www/html/vendor/laravel/framework/src/Illuminate/Cookie/Middleware/AddQueuedCookiesToResponse.php(36): Illuminate\\Pipeline\\Pipeline->Illuminate\\Pipeline\\{closure}(Object(Illuminate\\Http\\Request))
#20 /var/www/html/vendor/laravel/framework/src/Illuminate/Pipeline/Pipeline.php(219): Illuminate\\Cookie\\Middleware\\AddQueuedCookiesToResponse->handle(Object(Illuminate\\Http\\Request), Object(Closure))
#21 /var/www/html/vendor/laravel/framework/src/Illuminate/Cookie/Middleware/EncryptCookies.php(74): Illuminate\\Pipeline\\Pipeline->Illuminate\\Pipeline\\{closure}(Object(Illuminate\\Http\\Request))
#22 /var/www/html/vendor/laravel/framework/src/Illuminate/Pipeline/Pipeline.php(219): Illuminate\\Cookie\\Middleware\\EncryptCookies->handle(Object(Illuminate\\Http\\Request), Object(Closure))
#23 /var/www/html/vendor/laravel/framework/src/Illuminate/Pipeline/Pipeline.php(137): Illuminate\\Pipeline\\Pipeline->Illuminate\\Pipeline\\{closure}(Object(Illuminate\\Http\\Request))
#24 /var/www/html/vendor/laravel/framework/src/Illuminate/Routing/Router.php(821): Illuminate\\Pipeline\\Pipeline->then(Object(Closure))
#25 /var/www/html/vendor/laravel/framework/src/Illuminate/Routing/Router.php(800): Illuminate\\Routing\\Router->runRouteWithinStack(Object(Illuminate\\Routing\\Route), Object(Illuminate\\Http\\Request))
#26 /var/www/html/vendor/laravel/framework/src/Illuminate/Routing/Router.php(764): Illuminate\\Routing\\Router->runRoute(Object(Illuminate\\Http\\Request), Object(Illuminate\\Routing\\Route))
#27 /var/www/html/vendor/laravel/framework/src/Illuminate/Routing/Router.php(753): Illuminate\\Routing\\Router->dispatchToRoute(Object(Illuminate\\Http\\Request))
#28 /var/www/html/vendor/laravel/framework/src/Illuminate/Foundation/Http/Kernel.php(200): Illuminate\\Routing\\Router->dispatch(Object(Illuminate\\Http\\Request))
#29 /var/www/html/vendor/laravel/framework/src/Illuminate/Pipeline/Pipeline.php(180): Illuminate\\Foundation\\Http\\Kernel->Illuminate\\Foundation\\Http\\{closure}(Object(Illuminate\\Http\\Request))
#30 /var/www/html/vendor/laravel/framework/src/Illuminate/Foundation/Http/Middleware/TransformsRequest.php(21): Illuminate\\Pipeline\\Pipeline->Illuminate\\Pipeline\\{closure}(Object(Illuminate\\Http\\Request))
#31 /var/www/html/vendor/laravel/framework/src/Illuminate/Foundation/Http/Middleware/ConvertEmptyStringsToNull.php(31): Illuminate\\Foundation\\Http\\Middleware\\TransformsRequest->handle(Object(Illuminate\\Http\\Request), Object(Closure))
#32 /var/www/html/vendor/laravel/framework/src/Illuminate/Pipeline/Pipeline.php(219): Illuminate\\Foundation\\Http\\Middleware\\ConvertEmptyStringsToNull->handle(Object(Illuminate\\Http\\Request), Object(Closure))
#33 /var/www/html/vendor/laravel/framework/src/Illuminate/Foundation/Http/Middleware/TransformsRequest.php(21): Illuminate\\Pipeline\\Pipeline->Illuminate\\Pipeline\\{closure}(Object(Illuminate\\Http\\Request))
#34 /var/www/html/vendor/laravel/framework/src/Illuminate/Foundation/Http/Middleware/TrimStrings.php(51): Illuminate\\Foundation\\Http\\Middleware\\TransformsRequest->handle(Object(Illuminate\\Http\\Request), Object(Closure))
#35 /var/www/html/vendor/laravel/framework/src/Illuminate/Pipeline/Pipeline.php(219): Illuminate\\Foundation\\Http\\Middleware\\TrimStrings->handle(Object(Illuminate\\Http\\Request), Object(Closure))
#36 /var/www/html/vendor/laravel/framework/src/Illuminate/Http/Middleware/ValidatePostSize.php(27): Illuminate\\Pipeline\\Pipeline->Illuminate\\Pipeline\\{closure}(Object(Illuminate\\Http\\Request))
#37 /var/www/html/vendor/laravel/framework/src/Illuminate/Pipeline/Pipeline.php(219): Illuminate\\Http\\Middleware\\ValidatePostSize->handle(Object(Illuminate\\Http\\Request), Object(Closure))
#38 /var/www/html/vendor/laravel/framework/src/Illuminate/Foundation/Http/Middleware/PreventRequestsDuringMaintenance.php(109): Illuminate\\Pipeline\\Pipeline->Illuminate\\Pipeline\\{closure}(Object(Illuminate\\Http\\Request))
#39 /var/www/html/vendor/laravel/framework/src/Illuminate/Pipeline/Pipeline.php(219): Illuminate\\Foundation\\Http\\Middleware\\PreventRequestsDuringMaintenance->handle(Object(Illuminate\\Http\\Request), Object(Closure))
#40 /var/www/html/vendor/laravel/framework/src/Illuminate/Http/Middleware/HandleCors.php(61): Illuminate\\Pipeline\\Pipeline->Illuminate\\Pipeline\\{closure}(Object(Illuminate\\Http\\Request))
#41 /var/www/html/vendor/laravel/framework/src/Illuminate/Pipeline/Pipeline.php(219): Illuminate\\Http\\Middleware\\HandleCors->handle(Object(Illuminate\\Http\\Request), Object(Closure))
#42 /var/www/html/vendor/laravel/framework/src/Illuminate/Http/Middleware/TrustProxies.php(58): Illuminate\\Pipeline\\Pipeline->Illuminate\\Pipeline\\{closure}(Object(Illuminate\\Http\\Request))
#43 /var/www/html/vendor/laravel/framework/src/Illuminate/Pipeline/Pipeline.php(219): Illuminate\\Http\\Middleware\\TrustProxies->handle(Object(Illuminate\\Http\\Request), Object(Closure))
#44 /var/www/html/vendor/laravel/framework/src/Illuminate/Foundation/Http/Middleware/InvokeDeferredCallbacks.php(22): Illuminate\\Pipeline\\Pipeline->Illuminate\\Pipeline\\{closure}(Object(Illuminate\\Http\\Request))
#45 /var/www/html/vendor/laravel/framework/src/Illuminate/Pipeline/Pipeline.php(219): Illuminate\\Foundation\\Http\\Middleware\\InvokeDeferredCallbacks->handle(Object(Illuminate\\Http\\Request), Object(Closure))
#46 /var/www/html/vendor/laravel/framework/src/Illuminate/Http/Middleware/ValidatePathEncoding.php(26): Illuminate\\Pipeline\\Pipeline->Illuminate\\Pipeline\\{closure}(Object(Illuminate\\Http\\Request))
#47 /var/www/html/vendor/laravel/framework/src/Illuminate/Pipeline/Pipeline.php(219): Illuminate\\Http\\Middleware\\ValidatePathEncoding->handle(Object(Illuminate\\Http\\Request), Object(Closure))
#48 /var/www/html/vendor/laravel/framework/src/Illuminate/Pipeline/Pipeline.php(137): Illuminate\\Pipeline\\Pipeline->Illuminate\\Pipeline\\{closure}(Object(Illuminate\\Http\\Request))
#49 /var/www/html/vendor/laravel/framework/src/Illuminate/Foundation/Http/Kernel.php(175): Illuminate\\Pipeline\\Pipeline->then(Object(Closure))
#50 /var/www/html/vendor/laravel/framework/src/Illuminate/Foundation/Http/Kernel.php(144): Illuminate\\Foundation\\Http\\Kernel->sendRequestThroughRouter(Object(Illuminate\\Http\\Request))
#51 /var/www/html/vendor/laravel/framework/src/Illuminate/Foundation/Application.php(1220): Illuminate\\Foundation\\Http\\Kernel->handle(Object(Illuminate\\Http\\Request))
#52 /var/www/html/public/index.php(13): Illuminate\\Foundation\\Application->handleRequest(Object(Illuminate\\Http\\Request))
#53 {main}
"} 
[2026-09-18 15:45:30] local.ERROR: Database file at path [/var/www/html/database/database.sqlite] does not exist. Ensure this is an absolute path to the database. (Connection: sqlite, Database: /var/www/html/database/database.sqlite, SQL: select * from "sessions" where "id" = tp44JLv5mq2HDVpSbKlCXDsuJFLZMwPfANIBHJVx limit 1) {"exception":"[object] (Illuminate\\Database\\QueryException(code: 0): Database file at path [/var/www/html/database/database.sqlite] does not exist. Ensure this is an absolute path to the database. (Connection: sqlite, Database: /var/www/html/database/database.sqlite, SQL: select * from \"sessions\" where \"id\" = tp44JLv5mq2HDVpSbKlCXDsuJFLZMwPfANIBHJVx limit 1) at /var/www/html/vendor/laravel/framework/src/Illuminate/Database/Connection.php:838)
[stacktrace]
#0 /var/www/html/vendor/laravel/framework/src/Illuminate/Database/Connection.php(794): Illuminate\\Database\\Connection->runQueryCallback('select * from \"...', Array, Object(Closure))
#1 /var/www/html/vendor/laravel/framework/src/Illuminate/Database/Connection.php(411): Illuminate\\Database\\Connection->run('select * from \"...', Array, Object(Closure))
#2 /var/www/html/vendor/laravel/framework/src/Illuminate/Database/Query/Builder.php(3505): Illuminate\\Database\\Connection->select('select * from \"...', Array, false)
#3 /var/www/html/vendor/laravel/framework/src/Illuminate/Database/Query/Builder.php(3490): Illuminate\\Database\\Query\\Builder->runSelect()
#4 /var/www/html/vendor/laravel/framework/src/Illuminate/Database/Query/Builder.php(4080): Illuminate\\Database\\Query\\Builder->Illuminate\\Database\\Query\\{closure}()
#5 /var/www/html/vendor/laravel/framework/src/Illuminate/Database/Query/Builder.php(3489): Illuminate\\Database\\Query\\Builder->onceWithColumns(Array, Object(Closure))
#6 /var/www/html/vendor/laravel/framework/src/Illuminate/Database/Concerns/BuildsQueries.php(366): Illuminate\\Database\\Query\\Builder->get(Array)
#7 /var/www/html/vendor/laravel/framework/src/Illuminate/Database/Query/Builder.php(3412): Illuminate\\Database\\Query\\Builder->first(Array)
#8 /var/www/html/vendor/laravel/framework/src/Illuminate/Session/DatabaseSessionHandler.php(96): Illuminate\\Database\\Query\\Builder->find('tp44JLv5mq2HDVp...')
#9 /var/www/html/vendor/laravel/framework/src/Illuminate/Session/Store.php(128): Illuminate\\Session\\DatabaseSessionHandler->read('tp44JLv5mq2HDVp...')
#10 /var/www/html/vendor/laravel/framework/src/Illuminate/Session/Store.php(116): Illuminate\\Session\\Store->readFromHandler()
#11 /var/www/html/vendor/laravel/framework/src/Illuminate/Session/Store.php(100): Illuminate\\Session\\Store->loadSession()
#12 /var/www/html/vendor/laravel/framework/src/Illuminate/Session/Middleware/StartSession.php(146): Illuminate\\Session\\Store->start()
#13 /var/www/html/vendor/laravel/framework/src/Illuminate/Support/helpers.php(393): Illuminate\\Session\\Middleware\\StartSession->Illuminate\\Session\\Middleware\\{closure}(Object(Illuminate\\Session\\Store))
#14 /var/www/html/vendor/laravel/framework/src/Illuminate/Session/Middleware/StartSession.php(143): tap(Object(Illuminate\\Session\\Store), Object(Closure))
#15 /var/www/html/vendor/laravel/framework/src/Illuminate/Session/Middleware/StartSession.php(115): Illuminate\\Session\\Middleware\\StartSession->startSession(Object(Illuminate\\Http\\Request), Object(Illuminate\\Session\\Store))
#16 /var/www/html/vendor/laravel/framework/src/Illuminate/Session/Middleware/StartSession.php(63): Illuminate\\Session\\Middleware\\StartSession->handleStatefulRequest(Object(Illuminate\\Http\\Request), Object(Illuminate\\Session\\Store), Object(Closure))
#17 /var/www/html/vendor/laravel/framework/src/Illuminate/Pipeline/Pipeline.php(219): Illuminate\\Session\\Middleware\\StartSession->handle(Object(Illuminate\\Http\\Request), Object(Closure))
#18 /var/www/html/vendor/laravel/framework/src/Illuminate/Cookie/Middleware/AddQueuedCookiesToResponse.php(36): Illuminate\\Pipeline\\Pipeline->Illuminate\\Pipeline\\{closure}(Object(Illuminate\\Http\\Request))
#19 /var/www/html/vendor/laravel/framework/src/Illuminate/Pipeline/Pipeline.php(219): Illuminate\\Cookie\\Middleware\\AddQueuedCookiesToResponse->handle(Object(Illuminate\\Http\\Request), Object(Closure))
#20 /var/www/html/vendor/laravel/framework/src/Illuminate/Cookie/Middleware/EncryptCookies.php(74): Illuminate\\Pipeline\\Pipeline->Illuminate\\Pipeline\\{closure}(Object(Illuminate\\Http\\Request))
#21 /var/www/html/vendor/laravel/framework/src/Illuminate/Pipeline/Pipeline.php(219): Illuminate\\Cookie\\Middleware\\EncryptCookies->handle(Object(Illuminate\\Http\\Request), Object(Closure))
#22 /var/www/html/vendor/laravel/framework/src/Illuminate/Pipeline/Pipeline.php(137): Illuminate\\Pipeline\\Pipeline->Illuminate\\Pipeline\\{closure}(Object(Illuminate\\Http\\Request))
#23 /var/www/html/vendor/laravel/framework/src/Illuminate/Routing/Router.php(821): Illuminate\\Pipeline\\Pipeline->then(Object(Closure))
#24 /var/www/html/vendor/laravel/framework/src/Illuminate/Routing/Router.php(800): Illuminate\\Routing\\Router->runRouteWithinStack(Object(Illuminate\\Routing\\Route), Object(Illuminate\\Http\\Request))
#25 /var/www/html/vendor/laravel/framework/src/Illuminate/Routing/Router.php(764): Illuminate\\Routing\\Router->runRoute(Object(Illuminate\\Http\\Request), Object(Illuminate\\Routing\\Route))
#26 /var/www/html/vendor/laravel/framework/src/Illuminate/Routing/Router.php(753): Illuminate\\Routing\\Router->dispatchToRoute(Object(Illuminate\\Http\\Request))
#27 /var/www/html/vendor/laravel/framework/src/Illuminate/Foundation/Http/Kernel.php(200): Illuminate\\Routing\\Router->dispatch(Object(Illuminate\\Http\\Request))
#28 /var/www/html/vendor/laravel/framework/src/Illuminate/Pipeline/Pipeline.php(180): Illuminate\\Foundation\\Http\\Kernel->Illuminate\\Foundation\\Http\\{closure}(Object(Illuminate\\Http\\Request))
#29 /var/www/html/vendor/laravel/framework/src/Illuminate/Foundation/Http/Middleware/TransformsRequest.php(21): Illuminate\\Pipeline\\Pipeline->Illuminate\\Pipeline\\{closure}(Object(Illuminate\\Http\\Request))
#30 /var/www/html/vendor/laravel/framework/src/Illuminate/Foundation/Http/Middleware/ConvertEmptyStringsToNull.php(31): Illuminate\\Foundation\\Http\\Middleware\\TransformsRequest->handle(Object(Illuminate\\Http\\Request), Object(Closure))
#31 /var/www/html/vendor/laravel/framework/src/Illuminate/Pipeline/Pipeline.php(219): Illuminate\\Foundation\\Http\\Middleware\\ConvertEmptyStringsToNull->handle(Object(Illuminate\\Http\\Request), Object(Closure))
#32 /var/www/html/vendor/laravel/framework/src/Illuminate/Foundation/Http/Middleware/TransformsRequest.php(21): Illuminate\\Pipeline\\Pipeline->Illuminate\\Pipeline\\{closure}(Object(Illuminate\\Http\\Request))
#33 /var/www/html/vendor/laravel/framework/src/Illuminate/Foundation/Http/Middleware/TrimStrings.php(51): Illuminate\\Foundation\\Http\\Middleware\\TransformsRequest->handle(Object(Illuminate\\Http\\Request), Object(Closure))
#34 /var/www/html/vendor/laravel/framework/src/Illuminate/Pipeline/Pipeline.php(219): Illuminate\\Foundation\\Http\\Middleware\\TrimStrings->handle(Object(Illuminate\\Http\\Request), Object(Closure))
#35 /var/www/html/vendor/laravel/framework/src/Illuminate/Http/Middleware/ValidatePostSize.php(27): Illuminate\\Pipeline\\Pipeline->Illuminate\\Pipeline\\{closure}(Object(Illuminate\\Http\\Request))
#36 /var/www/html/vendor/laravel/framework/src/Illuminate/Pipeline/Pipeline.php(219): Illuminate\\Http\\Middleware\\ValidatePostSize->handle(Object(Illuminate\\Http\\Request), Object(Closure))
#37 /var/www/html/vendor/laravel/framework/src/Illuminate/Foundation/Http/Middleware/PreventRequestsDuringMaintenance.php(109): Illuminate\\Pipeline\\Pipeline->Illuminate\\Pipeline\\{closure}(Object(Illuminate\\Http\\Request))
#38 /var/www/html/vendor/laravel/framework/src/Illuminate/Pipeline/Pipeline.php(219): Illuminate\\Foundation\\Http\\Middleware\\PreventRequestsDuringMaintenance->handle(Object(Illuminate\\Http\\Request), Object(Closure))
#39 /var/www/html/vendor/laravel/framework/src/Illuminate/Http/Middleware/HandleCors.php(61): Illuminate\\Pipeline\\Pipeline->Illuminate\\Pipeline\\{closure}(Object(Illuminate\\Http\\Request))
#40 /var/www/html/vendor/laravel/framework/src/Illuminate/Pipeline/Pipeline.php(219): Illuminate\\Http\\Middleware\\HandleCors->handle(Object(Illuminate\\Http\\Request), Object(Closure))
#41 /var/www/html/vendor/laravel/framework/src/Illuminate/Http/Middleware/TrustProxies.php(58): Illuminate\\Pipeline\\Pipeline->Illuminate\\Pipeline\\{closure}(Object(Illuminate\\Http\\Request))
#42 /var/www/html/vendor/laravel/framework/src/Illuminate/Pipeline/Pipeline.php(219): Illuminate\\Http\\Middleware\\TrustProxies->handle(Object(Illuminate\\Http\\Request), Object(Closure))
#43 /var/www/html/vendor/laravel/framework/src/Illuminate/Foundation/Http/Middleware/InvokeDeferredCallbacks.php(22): Illuminate\\Pipeline\\Pipeline->Illuminate\\Pipeline\\{closure}(Object(Illuminate\\Http\\Request))
#44 /var/www/html/vendor/laravel/framework/src/Illuminate/Pipeline/Pipeline.php(219): Illuminate\\Foundation\\Http\\Middleware\\InvokeDeferredCallbacks->handle(Object(Illuminate\\Http\\Request), Object(Closure))
#45 /var/www/html/vendor/laravel/framework/src/Illuminate/Http/Middleware/ValidatePathEncoding.php(26): Illuminate\\Pipeline\\Pipeline->Illuminate\\Pipeline\\{closure}(Object(Illuminate\\Http\\Request))
#46 /var/www/html/vendor/laravel/framework/src/Illuminate/Pipeline/Pipeline.php(219): Illuminate\\Http\\Middleware\\ValidatePathEncoding->handle(Object(Illuminate\\Http\\Request), Object(Closure))
#47 /var/www/html/vendor/laravel/framework/src/Illuminate/Pipeline/Pipeline.php(137): Illuminate\\Pipeline\\Pipeline->Illuminate\\Pipeline\\{closure}(Object(Illuminate\\Http\\Request))
#48 /var/www/html/vendor/laravel/framework/src/Illuminate/Foundation/Http/Kernel.php(175): Illuminate\\Pipeline\\Pipeline->then(Object(Closure))
#49 /var/www/html/vendor/laravel/framework/src/Illuminate/Foundation/Http/Kernel.php(144): Illuminate\\Foundation\\Http\\Kernel->sendRequestThroughRouter(Object(Illuminate\\Http\\Request))
#50 /var/www/html/vendor/laravel/framework/src/Illuminate/Foundation/Application.php(1220): Illuminate\\Foundation\\Http\\Kernel->handle(Object(Illuminate\\Http\\Request))
#51 /var/www/html/public/index.php(13): Illuminate\\Foundation\\Application->handleRequest(Object(Illuminate\\Http\\Request))
#52 {main}

[previous exception] [object] (Illuminate\\Database\\SQLiteDatabaseDoesNotExistException(code: 0): Database file at path [/var/www/html/database/database.sqlite] does not exist. Ensure this is an absolute path to the database. at /var/www/html/vendor/laravel/framework/src/Illuminate/Database/Connectors/SQLiteConnector.php:60)
[stacktrace]
#0 /var/www/html/vendor/laravel/framework/src/Illuminate/Database/Connectors/SQLiteConnector.php(19): Illuminate\\Database\\Connectors\\SQLiteConnector->parseDatabasePath(false)
#1 /var/www/html/vendor/laravel/framework/src/Illuminate/Database/Connectors/ConnectionFactory.php(225): Illuminate\\Database\\Connectors\\SQLiteConnector->connect(Array)
#2 [internal function]: Illuminate\\Database\\Connectors\\ConnectionFactory->Illuminate\\Database\\Connectors\\{closure}()
#3 /var/www/html/vendor/laravel/framework/src/Illuminate/Database/Connection.php(1257): call_user_func(Object(Closure))
#4 /var/www/html/vendor/laravel/framework/src/Illuminate/Database/Connection.php(525): Illuminate\\Database\\Connection->getPdo()
#5 /var/www/html/vendor/laravel/framework/src/Illuminate/Database/Connection.php(420): Illuminate\\Database\\Connection->getPdoForSelect(false)
#6 /var/www/html/vendor/laravel/framework/src/Illuminate/Database/Connection.php(827): Illuminate\\Database\\Connection->Illuminate\\Database\\{closure}('select * from \"...', Array)
#7 /var/www/html/vendor/laravel/framework/src/Illuminate/Database/Connection.php(794): Illuminate\\Database\\Connection->runQueryCallback('select * from \"...', Array, Object(Closure))
#8 /var/www/html/vendor/laravel/framework/src/Illuminate/Database/Connection.php(411): Illuminate\\Database\\Connection->run('select * from \"...', Array, Object(Closure))
#9 /var/www/html/vendor/laravel/framework/src/Illuminate/Database/Query/Builder.php(3505): Illuminate\\Database\\Connection->select('select * from \"...', Array, false)
#10 /var/www/html/vendor/laravel/framework/src/Illuminate/Database/Query/Builder.php(3490): Illuminate\\Database\\Query\\Builder->runSelect()
#11 /var/www/html/vendor/laravel/framework/src/Illuminate/Database/Query/Builder.php(4080): Illuminate\\Database\\Query\\Builder->Illuminate\\Database\\Query\\{closure}()
#12 /var/www/html/vendor/laravel/framework/src/Illuminate/Database/Query/Builder.php(3489): Illuminate\\Database\\Query\\Builder->onceWithColumns(Array, Object(Closure))
#13 /var/www/html/vendor/laravel/framework/src/Illuminate/Database/Concerns/BuildsQueries.php(366): Illuminate\\Database\\Query\\Builder->get(Array)
#14 /var/www/html/vendor/laravel/framework/src/Illuminate/Database/Query/Builder.php(3412): Illuminate\\Database\\Query\\Builder->first(Array)
#15 /var/www/html/vendor/laravel/framework/src/Illuminate/Session/DatabaseSessionHandler.php(96): Illuminate\\Database\\Query\\Builder->find('tp44JLv5mq2HDVp...')
#16 /var/www/html/vendor/laravel/framework/src/Illuminate/Session/Store.php(128): Illuminate\\Session\\DatabaseSessionHandler->read('tp44JLv5mq2HDVp...')
#17 /var/www/html/vendor/laravel/framework/src/Illuminate/Session/Store.php(116): Illuminate\\Session\\Store->readFromHandler()
#18 /var/www/html/vendor/laravel/framework/src/Illuminate/Session/Store.php(100): Illuminate\\Session\\Store->loadSession()
#19 /var/www/html/vendor/laravel/framework/src/Illuminate/Session/Middleware/StartSession.php(146): Illuminate\\Session\\Store->start()
#20 /var/www/html/vendor/laravel/framework/src/Illuminate/Support/helpers.php(393): Illuminate\\Session\\Middleware\\StartSession->Illuminate\\Session\\Middleware\\{closure}(Object(Illuminate\\Session\\Store))
#21 /var/www/html/vendor/laravel/framework/src/Illuminate/Session/Middleware/StartSession.php(143): tap(Object(Illuminate\\Session\\Store), Object(Closure))
#22 /var/www/html/vendor/laravel/framework/src/Illuminate/Session/Middleware/StartSession.php(115): Illuminate\\Session\\Middleware\\StartSession->startSession(Object(Illuminate\\Http\\Request), Object(Illuminate\\Session\\Store))
#23 /var/www/html/vendor/laravel/framework/src/Illuminate/Session/Middleware/StartSession.php(63): Illuminate\\Session\\Middleware\\StartSession->handleStatefulRequest(Object(Illuminate\\Http\\Request), Object(Illuminate\\Session\\Store), Object(Closure))
#24 /var/www/html/vendor/laravel/framework/src/Illuminate/Pipeline/Pipeline.php(219): Illuminate\\Session\\Middleware\\StartSession->handle(Object(Illuminate\\Http\\Request), Object(Closure))
#25 /var/www/html/vendor/laravel/framework/src/Illuminate/Cookie/Middleware/AddQueuedCookiesToResponse.php(36): Illuminate\\Pipeline\\Pipeline->Illuminate\\Pipeline\\{closure}(Object(Illuminate\\Http\\Request))
#26 /var/www/html/vendor/laravel/framework/src/Illuminate/Pipeline/Pipeline.php(219): Illuminate\\Cookie\\Middleware\\AddQueuedCookiesToResponse->handle(Object(Illuminate\\Http\\Request), Object(Closure))
#27 /var/www/html/vendor/laravel/framework/src/Illuminate/Cookie/Middleware/EncryptCookies.php(74): Illuminate\\Pipeline\\Pipeline->Illuminate\\Pipeline\\{closure}(Object(Illuminate\\Http\\Request))
#28 /var/www/html/vendor/laravel/framework/src/Illuminate/Pipeline/Pipeline.php(219): Illuminate\\Cookie\\Middleware\\EncryptCookies->handle(Object(Illuminate\\Http\\Request), Object(Closure))
#29 /var/www/html/vendor/laravel/framework/src/Illuminate/Pipeline/Pipeline.php(137): Illuminate\\Pipeline\\Pipeline->Illuminate\\Pipeline\\{closure}(Object(Illuminate\\Http\\Request))
#30 /var/www/html/vendor/laravel/framework/src/Illuminate/Routing/Router.php(821): Illuminate\\Pipeline\\Pipeline->then(Object(Closure))
#31 /var/www/html/vendor/laravel/framework/src/Illuminate/Routing/Router.php(800): Illuminate\\Routing\\Router->runRouteWithinStack(Object(Illuminate\\Routing\\Route), Object(Illuminate\\Http\\Request))
#32 /var/www/html/vendor/laravel/framework/src/Illuminate/Routing/Router.php(764): Illuminate\\Routing\\Router->runRoute(Object(Illuminate\\Http\\Request), Object(Illuminate\\Routing\\Route))
#33 /var/www/html/vendor/laravel/framework/src/Illuminate/Routing/Router.php(753): Illuminate\\Routing\\Router->dispatchToRoute(Object(Illuminate\\Http\\Request))
#34 /var/www/html/vendor/laravel/framework/src/Illuminate/Foundation/Http/Kernel.php(200): Illuminate\\Routing\\Router->dispatch(Object(Illuminate\\Http\\Request))
#35 /var/www/html/vendor/laravel/framework/src/Illuminate/Pipeline/Pipeline.php(180): Illuminate\\Foundation\\Http\\Kernel->Illuminate\\Foundation\\Http\\{closure}(Object(Illuminate\\Http\\Request))
#36 /var/www/html/vendor/laravel/framework/src/Illuminate/Foundation/Http/Middleware/TransformsRequest.php(21): Illuminate\\Pipeline\\Pipeline->Illuminate\\Pipeline\\{closure}(Object(Illuminate\\Http\\Request))
#37 /var/www/html/vendor/laravel/framework/src/Illuminate/Foundation/Http/Middleware/ConvertEmptyStringsToNull.php(31): Illuminate\\Foundation\\Http\\Middleware\\TransformsRequest->handle(Object(Illuminate\\Http\\Request), Object(Closure))
#38 /var/www/html/vendor/laravel/framework/src/Illuminate/Pipeline/Pipeline.php(219): Illuminate\\Foundation\\Http\\Middleware\\ConvertEmptyStringsToNull->handle(Object(Illuminate\\Http\\Request), Object(Closure))
#39 /var/www/html/vendor/laravel/framework/src/Illuminate/Foundation/Http/Middleware/TransformsRequest.php(21): Illuminate\\Pipeline\\Pipeline->Illuminate\\Pipeline\\{closure}(Object(Illuminate\\Http\\Request))
#40 /var/www/html/vendor/laravel/framework/src/Illuminate/Foundation/Http/Middleware/TrimStrings.php(51): Illuminate\\Foundation\\Http\\Middleware\\TransformsRequest->handle(Object(Illuminate\\Http\\Request), Object(Closure))
#41 /var/www/html/vendor/laravel/framework/src/Illuminate/Pipeline/Pipeline.php(219): Illuminate\\Foundation\\Http\\Middleware\\TrimStrings->handle(Object(Illuminate\\Http\\Request), Object(Closure))
#42 /var/www/html/vendor/laravel/framework/src/Illuminate/Http/Middleware/ValidatePostSize.php(27): Illuminate\\Pipeline\\Pipeline->Illuminate\\Pipeline\\{closure}(Object(Illuminate\\Http\\Request))
#43 /var/www/html/vendor/laravel/framework/src/Illuminate/Pipeline/Pipeline.php(219): Illuminate\\Http\\Middleware\\ValidatePostSize->handle(Object(Illuminate\\Http\\Request), Object(Closure))
#44 /var/www/html/vendor/laravel/framework/src/Illuminate/Foundation/Http/Middleware/PreventRequestsDuringMaintenance.php(109): Illuminate\\Pipeline\\Pipeline->Illuminate\\Pipeline\\{closure}(Object(Illuminate\\Http\\Request))
#45 /var/www/html/vendor/laravel/framework/src/Illuminate/Pipeline/Pipeline.php(219): Illuminate\\Foundation\\Http\\Middleware\\PreventRequestsDuringMaintenance->handle(Object(Illuminate\\Http\\Request), Object(Closure))
#46 /var/www/html/vendor/laravel/framework/src/Illuminate/Http/Middleware/HandleCors.php(61): Illuminate\\Pipeline\\Pipeline->Illuminate\\Pipeline\\{closure}(Object(Illuminate\\Http\\Request))
#47 /var/www/html/vendor/laravel/framework/src/Illuminate/Pipeline/Pipeline.php(219): Illuminate\\Http\\Middleware\\HandleCors->handle(Object(Illuminate\\Http\\Request), Object(Closure))
#48 /var/www/html/vendor/laravel/framework/src/Illuminate/Http/Middleware/TrustProxies.php(58): Illuminate\\Pipeline\\Pipeline->Illuminate\\Pipeline\\{closure}(Object(Illuminate\\Http\\Request))
#49 /var/www/html/vendor/laravel/framework/src/Illuminate/Pipeline/Pipeline.php(219): Illuminate\\Http\\Middleware\\TrustProxies->handle(Object(Illuminate\\Http\\Request), Object(Closure))
#50 /var/www/html/vendor/laravel/framework/src/Illuminate/Foundation/Http/Middleware/InvokeDeferredCallbacks.php(22): Illuminate\\Pipeline\\Pipeline->Illuminate\\Pipeline\\{closure}(Object(Illuminate\\Http\\Request))
#51 /var/www/html/vendor/laravel/framework/src/Illuminate/Pipeline/Pipeline.php(219): Illuminate\\Foundation\\Http\\Middleware\\InvokeDeferredCallbacks->handle(Object(Illuminate\\Http\\Request), Object(Closure))
#52 /var/www/html/vendor/laravel/framework/src/Illuminate/Http/Middleware/ValidatePathEncoding.php(26): Illuminate\\Pipeline\\Pipeline->Illuminate\\Pipeline\\{closure}(Object(Illuminate\\Http\\Request))
#53 /var/www/html/vendor/laravel/framework/src/Illuminate/Pipeline/Pipeline.php(219): Illuminate\\Http\\Middleware\\ValidatePathEncoding->handle(Object(Illuminate\\Http\\Request), Object(Closure))
#54 /var/www/html/vendor/laravel/framework/src/Illuminate/Pipeline/Pipeline.php(137): Illuminate\\Pipeline\\Pipeline->Illuminate\\Pipeline\\{closure}(Object(Illuminate\\Http\\Request))
#55 /var/www/html/vendor/laravel/framework/src/Illuminate/Foundation/Http/Kernel.php(175): Illuminate\\Pipeline\\Pipeline->then(Object(Closure))
#56 /var/www/html/vendor/laravel/framework/src/Illuminate/Foundation/Http/Kernel.php(144): Illuminate\\Foundation\\Http\\Kernel->sendRequestThroughRouter(Object(Illuminate\\Http\\Request))
#57 /var/www/html/vendor/laravel/framework/src/Illuminate/Foundation/Application.php(1220): Illuminate\\Foundation\\Http\\Kernel->handle(Object(Illuminate\\Http\\Request))
#58 /var/www/html/public/index.php(13): Illuminate\\Foundation\\Application->handleRequest(Object(Illuminate\\Http\\Request))
#59 {main}
"} 
[2026-09-18 15:45:30] local.ERROR: Database file at path [/var/www/html/database/database.sqlite] does not exist. Ensure this is an absolute path to the database. (Connection: sqlite, Database: /var/www/html/database/database.sqlite, SQL: select * from "sessions" where "id" = ioxoKwCUJrK1z1peRw2eUa7foEOrliDiM0pS2hHO limit 1) {"exception":"[object] (Illuminate\\Database\\QueryException(code: 0): Database file at path [/var/www/html/database/database.sqlite] does not exist. Ensure this is an absolute path to the database. (Connection: sqlite, Database: /var/www/html/database/database.sqlite, SQL: select * from \"sessions\" where \"id\" = ioxoKwCUJrK1z1peRw2eUa7foEOrliDiM0pS2hHO limit 1) at /var/www/html/vendor/laravel/framework/src/Illuminate/Database/Connection.php:838)
[stacktrace]
#0 /var/www/html/vendor/laravel/framework/src/Illuminate/Database/Connection.php(794): Illuminate\\Database\\Connection->runQueryCallback('select * from \"...', Array, Object(Closure))
#1 /var/www/html/vendor/laravel/framework/src/Illuminate/Database/Connection.php(411): Illuminate\\Database\\Connection->run('select * from \"...', Array, Object(Closure))
#2 /var/www/html/vendor/laravel/framework/src/Illuminate/Database/Query/Builder.php(3505): Illuminate\\Database\\Connection->select('select * from \"...', Array, false)
#3 /var/www/html/vendor/laravel/framework/src/Illuminate/Database/Query/Builder.php(3490): Illuminate\\Database\\Query\\Builder->runSelect()
#4 /var/www/html/vendor/laravel/framework/src/Illuminate/Database/Query/Builder.php(4080): Illuminate\\Database\\Query\\Builder->Illuminate\\Database\\Query\\{closure}()
#5 /var/www/html/vendor/laravel/framework/src/Illuminate/Database/Query/Builder.php(3489): Illuminate\\Database\\Query\\Builder->onceWithColumns(Array, Object(Closure))
#6 /var/www/html/vendor/laravel/framework/src/Illuminate/Database/Concerns/BuildsQueries.php(366): Illuminate\\Database\\Query\\Builder->get(Array)
#7 /var/www/html/vendor/laravel/framework/src/Illuminate/Database/Query/Builder.php(3412): Illuminate\\Database\\Query\\Builder->first(Array)
#8 /var/www/html/vendor/laravel/framework/src/Illuminate/Session/DatabaseSessionHandler.php(96): Illuminate\\Database\\Query\\Builder->find('ioxoKwCUJrK1z1p...')
#9 /var/www/html/vendor/laravel/framework/src/Illuminate/Session/Store.php(128): Illuminate\\Session\\DatabaseSessionHandler->read('ioxoKwCUJrK1z1p...')
#10 /var/www/html/vendor/laravel/framework/src/Illuminate/Session/Store.php(116): Illuminate\\Session\\Store->readFromHandler()
#11 /var/www/html/vendor/laravel/framework/src/Illuminate/Session/Store.php(100): Illuminate\\Session\\Store->loadSession()
#12 /var/www/html/vendor/laravel/framework/src/Illuminate/Session/Middleware/StartSession.php(146): Illuminate\\Session\\Store->start()
#13 /var/www/html/vendor/laravel/framework/src/Illuminate/Support/helpers.php(393): Illuminate\\Session\\Middleware\\StartSession->Illuminate\\Session\\Middleware\\{closure}(Object(Illuminate\\Session\\Store))
#14 /var/www/html/vendor/laravel/framework/src/Illuminate/Session/Middleware/StartSession.php(143): tap(Object(Illuminate\\Session\\Store), Object(Closure))
#15 /var/www/html/vendor/laravel/framework/src/Illuminate/Session/Middleware/StartSession.php(115): Illuminate\\Session\\Middleware\\StartSession->startSession(Object(Illuminate\\Http\\Request), Object(Illuminate\\Session\\Store))
#16 /var/www/html/vendor/laravel/framework/src/Illuminate/Session/Middleware/StartSession.php(63): Illuminate\\Session\\Middleware\\StartSession->handleStatefulRequest(Object(Illuminate\\Http\\Request), Object(Illuminate\\Session\\Store), Object(Closure))
#17 /var/www/html/vendor/laravel/framework/src/Illuminate/Pipeline/Pipeline.php(219): Illuminate\\Session\\Middleware\\StartSession->handle(Object(Illuminate\\Http\\Request), Object(Closure))
#18 /var/www/html/vendor/laravel/framework/src/Illuminate/Cookie/Middleware/AddQueuedCookiesToResponse.php(36): Illuminate\\Pipeline\\Pipeline->Illuminate\\Pipeline\\{closure}(Object(Illuminate\\Http\\Request))
#19 /var/www/html/vendor/laravel/framework/src/Illuminate/Pipeline/Pipeline.php(219): Illuminate\\Cookie\\Middleware\\AddQueuedCookiesToResponse->handle(Object(Illuminate\\Http\\Request), Object(Closure))
#20 /var/www/html/vendor/laravel/framework/src/Illuminate/Cookie/Middleware/EncryptCookies.php(74): Illuminate\\Pipeline\\Pipeline->Illuminate\\Pipeline\\{closure}(Object(Illuminate\\Http\\Request))
#21 /var/www/html/vendor/laravel/framework/src/Illuminate/Pipeline/Pipeline.php(219): Illuminate\\Cookie\\Middleware\\EncryptCookies->handle(Object(Illuminate\\Http\\Request), Object(Closure))
#22 /var/www/html/vendor/laravel/framework/src/Illuminate/Pipeline/Pipeline.php(137): Illuminate\\Pipeline\\Pipeline->Illuminate\\Pipeline\\{closure}(Object(Illuminate\\Http\\Request))
#23 /var/www/html/vendor/laravel/framework/src/Illuminate/Routing/Router.php(821): Illuminate\\Pipeline\\Pipeline->then(Object(Closure))
#24 /var/www/html/vendor/laravel/framework/src/Illuminate/Routing/Router.php(800): Illuminate\\Routing\\Router->runRouteWithinStack(Object(Illuminate\\Routing\\Route), Object(Illuminate\\Http\\Request))
#25 /var/www/html/vendor/laravel/framework/src/Illuminate/Routing/Router.php(764): Illuminate\\Routing\\Router->runRoute(Object(Illuminate\\Http\\Request), Object(Illuminate\\Routing\\Route))
#26 /var/www/html/vendor/laravel/framework/src/Illuminate/Routing/Router.php(753): Illuminate\\Routing\\Router->dispatchToRoute(Object(Illuminate\\Http\\Request))
#27 /var/www/html/vendor/laravel/framework/src/Illuminate/Foundation/Http/Kernel.php(200): Illuminate\\Routing\\Router->dispatch(Object(Illuminate\\Http\\Request))
#28 /var/www/html/vendor/laravel/framework/src/Illuminate/Pipeline/Pipeline.php(180): Illuminate\\Foundation\\Http\\Kernel->Illuminate\\Foundation\\Http\\{closure}(Object(Illuminate\\Http\\Request))
#29 /var/www/html/vendor/laravel/framework/src/Illuminate/Foundation/Http/Middleware/TransformsRequest.php(21): Illuminate\\Pipeline\\Pipeline->Illuminate\\Pipeline\\{closure}(Object(Illuminate\\Http\\Request))
#30 /var/www/html/vendor/laravel/framework/src/Illuminate/Foundation/Http/Middleware/ConvertEmptyStringsToNull.php(31): Illuminate\\Foundation\\Http\\Middleware\\TransformsRequest->handle(Object(Illuminate\\Http\\Request), Object(Closure))
#31 /var/www/html/vendor/laravel/framework/src/Illuminate/Pipeline/Pipeline.php(219): Illuminate\\Foundation\\Http\\Middleware\\ConvertEmptyStringsToNull->handle(Object(Illuminate\\Http\\Request), Object(Closure))
#32 /var/www/html/vendor/laravel/framework/src/Illuminate/Foundation/Http/Middleware/TransformsRequest.php(21): Illuminate\\Pipeline\\Pipeline->Illuminate\\Pipeline\\{closure}(Object(Illuminate\\Http\\Request))
#33 /var/www/html/vendor/laravel/framework/src/Illuminate/Foundation/Http/Middleware/TrimStrings.php(51): Illuminate\\Foundation\\Http\\Middleware\\TransformsRequest->handle(Object(Illuminate\\Http\\Request), Object(Closure))
#34 /var/www/html/vendor/laravel/framework/src/Illuminate/Pipeline/Pipeline.php(219): Illuminate\\Foundation\\Http\\Middleware\\TrimStrings->handle(Object(Illuminate\\Http\\Request), Object(Closure))
#35 /var/www/html/vendor/laravel/framework/src/Illuminate/Http/Middleware/ValidatePostSize.php(27): Illuminate\\Pipeline\\Pipeline->Illuminate\\Pipeline\\{closure}(Object(Illuminate\\Http\\Request))
#36 /var/www/html/vendor/laravel/framework/src/Illuminate/Pipeline/Pipeline.php(219): Illuminate\\Http\\Middleware\\ValidatePostSize->handle(Object(Illuminate\\Http\\Request), Object(Closure))
#37 /var/www/html/vendor/laravel/framework/src/Illuminate/Foundation/Http/Middleware/PreventRequestsDuringMaintenance.php(109): Illuminate\\Pipeline\\Pipeline->Illuminate\\Pipeline\\{closure}(Object(Illuminate\\Http\\Request))
#38 /var/www/html/vendor/laravel/framework/src/Illuminate/Pipeline/Pipeline.php(219): Illuminate\\Foundation\\Http\\Middleware\\PreventRequestsDuringMaintenance->handle(Object(Illuminate\\Http\\Request), Object(Closure))
#39 /var/www/html/vendor/laravel/framework/src/Illuminate/Http/Middleware/HandleCors.php(61): Illuminate\\Pipeline\\Pipeline->Illuminate\\Pipeline\\{closure}(Object(Illuminate\\Http\\Request))
#40 /var/www/html/vendor/laravel/framework/src/Illuminate/Pipeline/Pipeline.php(219): Illuminate\\Http\\Middleware\\HandleCors->handle(Object(Illuminate\\Http\\Request), Object(Closure))
#41 /var/www/html/vendor/laravel/framework/src/Illuminate/Http/Middleware/TrustProxies.php(58): Illuminate\\Pipeline\\Pipeline->Illuminate\\Pipeline\\{closure}(Object(Illuminate\\Http\\Request))
#42 /var/www/html/vendor/laravel/framework/src/Illuminate/Pipeline/Pipeline.php(219): Illuminate\\Http\\Middleware\\TrustProxies->handle(Object(Illuminate\\Http\\Request), Object(Closure))
#43 /var/www/html/vendor/laravel/framework/src/Illuminate/Foundation/Http/Middleware/InvokeDeferredCallbacks.php(22): Illuminate\\Pipeline\\Pipeline->Illuminate\\Pipeline\\{closure}(Object(Illuminate\\Http\\Request))
#44 /var/www/html/vendor/laravel/framework/src/Illuminate/Pipeline/Pipeline.php(219): Illuminate\\Foundation\\Http\\Middleware\\InvokeDeferredCallbacks->handle(Object(Illuminate\\Http\\Request), Object(Closure))
#45 /var/www/html/vendor/laravel/framework/src/Illuminate/Http/Middleware/ValidatePathEncoding.php(26): Illuminate\\Pipeline\\Pipeline->Illuminate\\Pipeline\\{closure}(Object(Illuminate\\Http\\Request))
#46 /var/www/html/vendor/laravel/framework/src/Illuminate/Pipeline/Pipeline.php(219): Illuminate\\Http\\Middleware\\ValidatePathEncoding->handle(Object(Illuminate\\Http\\Request), Object(Closure))
#47 /var/www/html/vendor/laravel/framework/src/Illuminate/Pipeline/Pipeline.php(137): Illuminate\\Pipeline\\Pipeline->Illuminate\\Pipeline\\{closure}(Object(Illuminate\\Http\\Request))
#48 /var/www/html/vendor/laravel/framework/src/Illuminate/Foundation/Http/Kernel.php(175): Illuminate\\Pipeline\\Pipeline->then(Object(Closure))
#49 /var/www/html/vendor/laravel/framework/src/Illuminate/Foundation/Http/Kernel.php(144): Illuminate\\Foundation\\Http\\Kernel->sendRequestThroughRouter(Object(Illuminate\\Http\\Request))
#50 /var/www/html/vendor/laravel/framework/src/Illuminate/Foundation/Application.php(1220): Illuminate\\Foundation\\Http\\Kernel->handle(Object(Illuminate\\Http\\Request))
#51 /var/www/html/public/index.php(13): Illuminate\\Foundation\\Application->handleRequest(Object(Illuminate\\Http\\Request))
#52 {main}

[previous exception] [object] (Illuminate\\Database\\SQLiteDatabaseDoesNotExistException(code: 0): Database file at path [/var/www/html/database/database.sqlite] does not exist. Ensure this is an absolute path to the database. at /var/www/html/vendor/laravel/framework/src/Illuminate/Database/Connectors/SQLiteConnector.php:60)
[stacktrace]
#0 /var/www/html/vendor/laravel/framework/src/Illuminate/Database/Connectors/SQLiteConnector.php(19): Illuminate\\Database\\Connectors\\SQLiteConnector->parseDatabasePath(false)
#1 /var/www/html/vendor/laravel/framework/src/Illuminate/Database/Connectors/ConnectionFactory.php(225): Illuminate\\Database\\Connectors\\SQLiteConnector->connect(Array)
#2 [internal function]: Illuminate\\Database\\Connectors\\ConnectionFactory->Illuminate\\Database\\Connectors\\{closure}()
#3 /var/www/html/vendor/laravel/framework/src/Illuminate/Database/Connection.php(1257): call_user_func(Object(Closure))
#4 /var/www/html/vendor/laravel/framework/src/Illuminate/Database/Connection.php(525): Illuminate\\Database\\Connection->getPdo()
#5 /var/www/html/vendor/laravel/framework/src/Illuminate/Database/Connection.php(420): Illuminate\\Database\\Connection->getPdoForSelect(false)
#6 /var/www/html/vendor/laravel/framework/src/Illuminate/Database/Connection.php(827): Illuminate\\Database\\Connection->Illuminate\\Database\\{closure}('select * from \"...', Array)
#7 /var/www/html/vendor/laravel/framework/src/Illuminate/Database/Connection.php(794): Illuminate\\Database\\Connection->runQueryCallback('select * from \"...', Array, Object(Closure))
#8 /var/www/html/vendor/laravel/framework/src/Illuminate/Database/Connection.php(411): Illuminate\\Database\\Connection->run('select * from \"...', Array, Object(Closure))
#9 /var/www/html/vendor/laravel/framework/src/Illuminate/Database/Query/Builder.php(3505): Illuminate\\Database\\Connection->select('select * from \"...', Array, false)
#10 /var/www/html/vendor/laravel/framework/src/Illuminate/Database/Query/Builder.php(3490): Illuminate\\Database\\Query\\Builder->runSelect()
#11 /var/www/html/vendor/laravel/framework/src/Illuminate/Database/Query/Builder.php(4080): Illuminate\\Database\\Query\\Builder->Illuminate\\Database\\Query\\{closure}()
#12 /var/www/html/vendor/laravel/framework/src/Illuminate/Database/Query/Builder.php(3489): Illuminate\\Database\\Query\\Builder->onceWithColumns(Array, Object(Closure))
#13 /var/www/html/vendor/laravel/framework/src/Illuminate/Database/Concerns/BuildsQueries.php(366): Illuminate\\Database\\Query\\Builder->get(Array)
#14 /var/www/html/vendor/laravel/framework/src/Illuminate/Database/Query/Builder.php(3412): Illuminate\\Database\\Query\\Builder->first(Array)
#15 /var/www/html/vendor/laravel/framework/src/Illuminate/Session/DatabaseSessionHandler.php(96): Illuminate\\Database\\Query\\Builder->find('ioxoKwCUJrK1z1p...')
#16 /var/www/html/vendor/laravel/framework/src/Illuminate/Session/Store.php(128): Illuminate\\Session\\DatabaseSessionHandler->read('ioxoKwCUJrK1z1p...')
#17 /var/www/html/vendor/laravel/framework/src/Illuminate/Session/Store.php(116): Illuminate\\Session\\Store->readFromHandler()
#18 /var/www/html/vendor/laravel/framework/src/Illuminate/Session/Store.php(100): Illuminate\\Session\\Store->loadSession()
#19 /var/www/html/vendor/laravel/framework/src/Illuminate/Session/Middleware/StartSession.php(146): Illuminate\\Session\\Store->start()
#20 /var/www/html/vendor/laravel/framework/src/Illuminate/Support/helpers.php(393): Illuminate\\Session\\Middleware\\StartSession->Illuminate\\Session\\Middleware\\{closure}(Object(Illuminate\\Session\\Store))
#21 /var/www/html/vendor/laravel/framework/src/Illuminate/Session/Middleware/StartSession.php(143): tap(Object(Illuminate\\Session\\Store), Object(Closure))
#22 /var/www/html/vendor/laravel/framework/src/Illuminate/Session/Middleware/StartSession.php(115): Illuminate\\Session\\Middleware\\StartSession->startSession(Object(Illuminate\\Http\\Request), Object(Illuminate\\Session\\Store))
#23 /var/www/html/vendor/laravel/framework/src/Illuminate/Session/Middleware/StartSession.php(63): Illuminate\\Session\\Middleware\\StartSession->handleStatefulRequest(Object(Illuminate\\Http\\Request), Object(Illuminate\\Session\\Store), Object(Closure))
#24 /var/www/html/vendor/laravel/framework/src/Illuminate/Pipeline/Pipeline.php(219): Illuminate\\Session\\Middleware\\StartSession->handle(Object(Illuminate\\Http\\Request), Object(Closure))
#25 /var/www/html/vendor/laravel/framework/src/Illuminate/Cookie/Middleware/AddQueuedCookiesToResponse.php(36): Illuminate\\Pipeline\\Pipeline->Illuminate\\Pipeline\\{closure}(Object(Illuminate\\Http\\Request))
#26 /var/www/html/vendor/laravel/framework/src/Illuminate/Pipeline/Pipeline.php(219): Illuminate\\Cookie\\Middleware\\AddQueuedCookiesToResponse->handle(Object(Illuminate\\Http\\Request), Object(Closure))
#27 /var/www/html/vendor/laravel/framework/src/Illuminate/Cookie/Middleware/EncryptCookies.php(74): Illuminate\\Pipeline\\Pipeline->Illuminate\\Pipeline\\{closure}(Object(Illuminate\\Http\\Request))
#28 /var/www/html/vendor/laravel/framework/src/Illuminate/Pipeline/Pipeline.php(219): Illuminate\\Cookie\\Middleware\\EncryptCookies->handle(Object(Illuminate\\Http\\Request), Object(Closure))
#29 /var/www/html/vendor/laravel/framework/src/Illuminate/Pipeline/Pipeline.php(137): Illuminate\\Pipeline\\Pipeline->Illuminate\\Pipeline\\{closure}(Object(Illuminate\\Http\\Request))
#30 /var/www/html/vendor/laravel/framework/src/Illuminate/Routing/Router.php(821): Illuminate\\Pipeline\\Pipeline->then(Object(Closure))
#31 /var/www/html/vendor/laravel/framework/src/Illuminate/Routing/Router.php(800): Illuminate\\Routing\\Router->runRouteWithinStack(Object(Illuminate\\Routing\\Route), Object(Illuminate\\Http\\Request))
#32 /var/www/html/vendor/laravel/framework/src/Illuminate/Routing/Router.php(764): Illuminate\\Routing\\Router->runRoute(Object(Illuminate\\Http\\Request), Object(Illuminate\\Routing\\Route))
#33 /var/www/html/vendor/laravel/framework/src/Illuminate/Routing/Router.php(753): Illuminate\\Routing\\Router->dispatchToRoute(Object(Illuminate\\Http\\Request))
#34 /var/www/html/vendor/laravel/framework/src/Illuminate/Foundation/Http/Kernel.php(200): Illuminate\\Routing\\Router->dispatch(Object(Illuminate\\Http\\Request))
#35 /var/www/html/vendor/laravel/framework/src/Illuminate/Pipeline/Pipeline.php(180): Illuminate\\Foundation\\Http\\Kernel->Illuminate\\Foundation\\Http\\{closure}(Object(Illuminate\\Http\\Request))
#36 /var/www/html/vendor/laravel/framework/src/Illuminate/Foundation/Http/Middleware/TransformsRequest.php(21): Illuminate\\Pipeline\\Pipeline->Illuminate\\Pipeline\\{closure}(Object(Illuminate\\Http\\Request))
#37 /var/www/html/vendor/laravel/framework/src/Illuminate/Foundation/Http/Middleware/ConvertEmptyStringsToNull.php(31): Illuminate\\Foundation\\Http\\Middleware\\TransformsRequest->handle(Object(Illuminate\\Http\\Request), Object(Closure))
#38 /var/www/html/vendor/laravel/framework/src/Illuminate/Pipeline/Pipeline.php(219): Illuminate\\Foundation\\Http\\Middleware\\ConvertEmptyStringsToNull->handle(Object(Illuminate\\Http\\Request), Object(Closure))
#39 /var/www/html/vendor/laravel/framework/src/Illuminate/Foundation/Http/Middleware/TransformsRequest.php(21): Illuminate\\Pipeline\\Pipeline->Illuminate\\Pipeline\\{closure}(Object(Illuminate\\Http\\Request))
#40 /var/www/html/vendor/laravel/framework/src/Illuminate/Foundation/Http/Middleware/TrimStrings.php(51): Illuminate\\Foundation\\Http\\Middleware\\TransformsRequest->handle(Object(Illuminate\\Http\\Request), Object(Closure))
#41 /var/www/html/vendor/laravel/framework/src/Illuminate/Pipeline/Pipeline.php(219): Illuminate\\Foundation\\Http\\Middleware\\TrimStrings->handle(Object(Illuminate\\Http\\Request), Object(Closure))
#42 /var/www/html/vendor/laravel/framework/src/Illuminate/Http/Middleware/ValidatePostSize.php(27): Illuminate\\Pipeline\\Pipeline->Illuminate\\Pipeline\\{closure}(Object(Illuminate\\Http\\Request))
#43 /var/www/html/vendor/laravel/framework/src/Illuminate/Pipeline/Pipeline.php(219): Illuminate\\Http\\Middleware\\ValidatePostSize->handle(Object(Illuminate\\Http\\Request), Object(Closure))
#44 /var/www/html/vendor/laravel/framework/src/Illuminate/Foundation/Http/Middleware/PreventRequestsDuringMaintenance.php(109): Illuminate\\Pipeline\\Pipeline->Illuminate\\Pipeline\\{closure}(Object(Illuminate\\Http\\Request))
#45 /var/www/html/vendor/laravel/framework/src/Illuminate/Pipeline/Pipeline.php(219): Illuminate\\Foundation\\Http\\Middleware\\PreventRequestsDuringMaintenance->handle(Object(Illuminate\\Http\\Request), Object(Closure))
#46 /var/www/html/vendor/laravel/framework/src/Illuminate/Http/Middleware/HandleCors.php(61): Illuminate\\Pipeline\\Pipeline->Illuminate\\Pipeline\\{closure}(Object(Illuminate\\Http\\Request))
#47 /var/www/html/vendor/laravel/framework/src/Illuminate/Pipeline/Pipeline.php(219): Illuminate\\Http\\Middleware\\HandleCors->handle(Object(Illuminate\\Http\\Request), Object(Closure))
#48 /var/www/html/vendor/laravel/framework/src/Illuminate/Http/Middleware/TrustProxies.php(58): Illuminate\\Pipeline\\Pipeline->Illuminate\\Pipeline\\{closure}(Object(Illuminate\\Http\\Request))
#49 /var/www/html/vendor/laravel/framework/src/Illuminate/Pipeline/Pipeline.php(219): Illuminate\\Http\\Middleware\\TrustProxies->handle(Object(Illuminate\\Http\\Request), Object(Closure))
#50 /var/www/html/vendor/laravel/framework/src/Illuminate/Foundation/Http/Middleware/InvokeDeferredCallbacks.php(22): Illuminate\\Pipeline\\Pipeline->Illuminate\\Pipeline\\{closure}(Object(Illuminate\\Http\\Request))
#51 /var/www/html/vendor/laravel/framework/src/Illuminate/Pipeline/Pipeline.php(219): Illuminate\\Foundation\\Http\\Middleware\\InvokeDeferredCallbacks->handle(Object(Illuminate\\Http\\Request), Object(Closure))
#52 /var/www/html/vendor/laravel/framework/src/Illuminate/Http/Middleware/ValidatePathEncoding.php(26): Illuminate\\Pipeline\\Pipeline->Illuminate\\Pipeline\\{closure}(Object(Illuminate\\Http\\Request))
#53 /var/www/html/vendor/laravel/framework/src/Illuminate/Pipeline/Pipeline.php(219): Illuminate\\Http\\Middleware\\ValidatePathEncoding->handle(Object(Illuminate\\Http\\Request), Object(Closure))
#54 /var/www/html/vendor/laravel/framework/src/Illuminate/Pipeline/Pipeline.php(137): Illuminate\\Pipeline\\Pipeline->Illuminate\\Pipeline\\{closure}(Object(Illuminate\\Http\\Request))
#55 /var/www/html/vendor/laravel/framework/src/Illuminate/Foundation/Http/Kernel.php(175): Illuminate\\Pipeline\\Pipeline->then(Object(Closure))
#56 /var/www/html/vendor/laravel/framework/src/Illuminate/Foundation/Http/Kernel.php(144): Illuminate\\Foundation\\Http\\Kernel->sendRequestThroughRouter(Object(Illuminate\\Http\\Request))
#57 /var/www/html/vendor/laravel/framework/src/Illuminate/Foundation/Application.php(1220): Illuminate\\Foundation\\Http\\Kernel->handle(Object(Illuminate\\Http\\Request))
#58 /var/www/html/public/index.php(13): Illuminate\\Foundation\\Application->handleRequest(Object(Illuminate\\Http\\Request))
#59 {main}
"} 
[2026-09-18 15:45:30] local.ERROR: Please provide a valid cache path. {"exception":"[object] (InvalidArgumentException(code: 0): Please provide a valid cache path. at /var/www/html/vendor/laravel/framework/src/Illuminate/View/Compilers/Compiler.php:75)
[stacktrace]
#0 /var/www/html/vendor/laravel/framework/src/Illuminate/View/ViewServiceProvider.php(97): Illuminate\\View\\Compilers\\Compiler->__construct(Object(Illuminate\\Filesystem\\Filesystem), false, '', true, 'php', true)
#1 /var/www/html/vendor/laravel/framework/src/Illuminate/Container/Container.php(1115): Illuminate\\View\\ViewServiceProvider->Illuminate\\View\\{closure}(Object(Illuminate\\Foundation\\Application), Array)
#2 /var/www/html/vendor/laravel/framework/src/Illuminate/Container/Container.php(933): Illuminate\\Container\\Container->build(Object(Closure))
#3 /var/www/html/vendor/laravel/framework/src/Illuminate/Foundation/Application.php(1078): Illuminate\\Container\\Container->resolve('blade.compiler', Array, true)
#4 /var/www/html/vendor/laravel/framework/src/Illuminate/Container/Container.php(864): Illuminate\\Foundation\\Application->resolve('blade.compiler', Array)
#5 /var/www/html/vendor/laravel/framework/src/Illuminate/Foundation/Application.php(1058): Illuminate\\Container\\Container->make('blade.compiler', Array)
#6 /var/www/html/vendor/laravel/framework/src/Illuminate/View/ViewServiceProvider.php(169): Illuminate\\Foundation\\Application->make('blade.compiler')
#7 [internal function]: Illuminate\\View\\ViewServiceProvider->Illuminate\\View\\{closure}()
#8 /var/www/html/vendor/laravel/framework/src/Illuminate/View/Engines/EngineResolver.php(55): call_user_func(Object(Closure))
#9 /var/www/html/vendor/laravel/framework/src/Illuminate/View/Factory.php(325): Illuminate\\View\\Engines\\EngineResolver->resolve('blade')
#10 /var/www/html/vendor/laravel/framework/src/Illuminate/View/Factory.php(287): Illuminate\\View\\Factory->getEngineFromPath('/var/www/html/v...')
#11 /var/www/html/vendor/laravel/framework/src/Illuminate/View/Factory.php(159): Illuminate\\View\\Factory->viewInstance('errors::500', '/var/www/html/v...', Array)
#12 /var/www/html/vendor/laravel/framework/src/Illuminate/Routing/ResponseFactory.php(91): Illuminate\\View\\Factory->make('errors::500', Array)
#13 /var/www/html/vendor/laravel/framework/src/Illuminate/Foundation/Exceptions/Handler.php(926): Illuminate\\Routing\\ResponseFactory->view('errors::500', Array, 500, Array)
#14 /var/www/html/vendor/laravel/framework/src/Illuminate/Foundation/Exceptions/Handler.php(847): Illuminate\\Foundation\\Exceptions\\Handler->renderHttpException(Object(Symfony\\Component\\HttpKernel\\Exception\\HttpException))
#15 /var/www/html/vendor/laravel/framework/src/Illuminate/Foundation/Exceptions/Handler.php(738): Illuminate\\Foundation\\Exceptions\\Handler->prepareResponse(Object(Illuminate\\Http\\Request), Object(Symfony\\Component\\HttpKernel\\Exception\\HttpException))
#16 /var/www/html/vendor/laravel/framework/src/Illuminate/Foundation/Exceptions/Handler.php(626): Illuminate\\Foundation\\Exceptions\\Handler->renderExceptionResponse(Object(Illuminate\\Http\\Request), Object(Illuminate\\Database\\QueryException))
#17 /var/www/html/vendor/laravel/framework/src/Illuminate/Routing/Pipeline.php(51): Illuminate\\Foundation\\Exceptions\\Handler->render(Object(Illuminate\\Http\\Request), Object(Illuminate\\Database\\QueryException))
#18 /var/www/html/vendor/laravel/framework/src/Illuminate/Pipeline/Pipeline.php(224): Illuminate\\Routing\\Pipeline->handleException(Object(Illuminate\\Http\\Request), Object(Illuminate\\Database\\QueryException))
#19 /var/www/html/vendor/laravel/framework/src/Illuminate/Cookie/Middleware/AddQueuedCookiesToResponse.php(36): Illuminate\\Pipeline\\Pipeline->Illuminate\\Pipeline\\{closure}(Object(Illuminate\\Http\\Request))
#20 /var/www/html/vendor/laravel/framework/src/Illuminate/Pipeline/Pipeline.php(219): Illuminate\\Cookie\\Middleware\\AddQueuedCookiesToResponse->handle(Object(Illuminate\\Http\\Request), Object(Closure))
#21 /var/www/html/vendor/laravel/framework/src/Illuminate/Cookie/Middleware/EncryptCookies.php(74): Illuminate\\Pipeline\\Pipeline->Illuminate\\Pipeline\\{closure}(Object(Illuminate\\Http\\Request))
#22 /var/www/html/vendor/laravel/framework/src/Illuminate/Pipeline/Pipeline.php(219): Illuminate\\Cookie\\Middleware\\EncryptCookies->handle(Object(Illuminate\\Http\\Request), Object(Closure))
#23 /var/www/html/vendor/laravel/framework/src/Illuminate/Pipeline/Pipeline.php(137): Illuminate\\Pipeline\\Pipeline->Illuminate\\Pipeline\\{closure}(Object(Illuminate\\Http\\Request))
#24 /var/www/html/vendor/laravel/framework/src/Illuminate/Routing/Router.php(821): Illuminate\\Pipeline\\Pipeline->then(Object(Closure))
#25 /var/www/html/vendor/laravel/framework/src/Illuminate/Routing/Router.php(800): Illuminate\\Routing\\Router->runRouteWithinStack(Object(Illuminate\\Routing\\Route), Object(Illuminate\\Http\\Request))
#26 /var/www/html/vendor/laravel/framework/src/Illuminate/Routing/Router.php(764): Illuminate\\Routing\\Router->runRoute(Object(Illuminate\\Http\\Request), Object(Illuminate\\Routing\\Route))
#27 /var/www/html/vendor/laravel/framework/src/Illuminate/Routing/Router.php(753): Illuminate\\Routing\\Router->dispatchToRoute(Object(Illuminate\\Http\\Request))
#28 /var/www/html/vendor/laravel/framework/src/Illuminate/Foundation/Http/Kernel.php(200): Illuminate\\Routing\\Router->dispatch(Object(Illuminate\\Http\\Request))
#29 /var/www/html/vendor/laravel/framework/src/Illuminate/Pipeline/Pipeline.php(180): Illuminate\\Foundation\\Http\\Kernel->Illuminate\\Foundation\\Http\\{closure}(Object(Illuminate\\Http\\Request))
#30 /var/www/html/vendor/laravel/framework/src/Illuminate/Foundation/Http/Middleware/TransformsRequest.php(21): Illuminate\\Pipeline\\Pipeline->Illuminate\\Pipeline\\{closure}(Object(Illuminate\\Http\\Request))
#31 /var/www/html/vendor/laravel/framework/src/Illuminate/Foundation/Http/Middleware/ConvertEmptyStringsToNull.php(31): Illuminate\\Foundation\\Http\\Middleware\\TransformsRequest->handle(Object(Illuminate\\Http\\Request), Object(Closure))
#32 /var/www/html/vendor/laravel/framework/src/Illuminate/Pipeline/Pipeline.php(219): Illuminate\\Foundation\\Http\\Middleware\\ConvertEmptyStringsToNull->handle(Object(Illuminate\\Http\\Request), Object(Closure))
#33 /var/www/html/vendor/laravel/framework/src/Illuminate/Foundation/Http/Middleware/TransformsRequest.php(21): Illuminate\\Pipeline\\Pipeline->Illuminate\\Pipeline\\{closure}(Object(Illuminate\\Http\\Request))
#34 /var/www/html/vendor/laravel/framework/src/Illuminate/Foundation/Http/Middleware/TrimStrings.php(51): Illuminate\\Foundation\\Http\\Middleware\\TransformsRequest->handle(Object(Illuminate\\Http\\Request), Object(Closure))
#35 /var/www/html/vendor/laravel/framework/src/Illuminate/Pipeline/Pipeline.php(219): Illuminate\\Foundation\\Http\\Middleware\\TrimStrings->handle(Object(Illuminate\\Http\\Request), Object(Closure))
#36 /var/www/html/vendor/laravel/framework/src/Illuminate/Http/Middleware/ValidatePostSize.php(27): Illuminate\\Pipeline\\Pipeline->Illuminate\\Pipeline\\{closure}(Object(Illuminate\\Http\\Request))
#37 /var/www/html/vendor/laravel/framework/src/Illuminate/Pipeline/Pipeline.php(219): Illuminate\\Http\\Middleware\\ValidatePostSize->handle(Object(Illuminate\\Http\\Request), Object(Closure))
#38 /var/www/html/vendor/laravel/framework/src/Illuminate/Foundation/Http/Middleware/PreventRequestsDuringMaintenance.php(109): Illuminate\\Pipeline\\Pipeline->Illuminate\\Pipeline\\{closure}(Object(Illuminate\\Http\\Request))
#39 /var/www/html/vendor/laravel/framework/src/Illuminate/Pipeline/Pipeline.php(219): Illuminate\\Foundation\\Http\\Middleware\\PreventRequestsDuringMaintenance->handle(Object(Illuminate\\Http\\Request), Object(Closure))
#40 /var/www/html/vendor/laravel/framework/src/Illuminate/Http/Middleware/HandleCors.php(61): Illuminate\\Pipeline\\Pipeline->Illuminate\\Pipeline\\{closure}(Object(Illuminate\\Http\\Request))
#41 /var/www/html/vendor/laravel/framework/src/Illuminate/Pipeline/Pipeline.php(219): Illuminate\\Http\\Middleware\\HandleCors->handle(Object(Illuminate\\Http\\Request), Object(Closure))
#42 /var/www/html/vendor/laravel/framework/src/Illuminate/Http/Middleware/TrustProxies.php(58): Illuminate\\Pipeline\\Pipeline->Illuminate\\Pipeline\\{closure}(Object(Illuminate\\Http\\Request))
#43 /var/www/html/vendor/laravel/framework/src/Illuminate/Pipeline/Pipeline.php(219): Illuminate\\Http\\Middleware\\TrustProxies->handle(Object(Illuminate\\Http\\Request), Object(Closure))
#44 /var/www/html/vendor/laravel/framework/src/Illuminate/Foundation/Http/Middleware/InvokeDeferredCallbacks.php(22): Illuminate\\Pipeline\\Pipeline->Illuminate\\Pipeline\\{closure}(Object(Illuminate\\Http\\Request))
#45 /var/www/html/vendor/laravel/framework/src/Illuminate/Pipeline/Pipeline.php(219): Illuminate\\Foundation\\Http\\Middleware\\InvokeDeferredCallbacks->handle(Object(Illuminate\\Http\\Request), Object(Closure))
#46 /var/www/html/vendor/laravel/framework/src/Illuminate/Http/Middleware/ValidatePathEncoding.php(26): Illuminate\\Pipeline\\Pipeline->Illuminate\\Pipeline\\{closure}(Object(Illuminate\\Http\\Request))
#47 /var/www/html/vendor/laravel/framework/src/Illuminate/Pipeline/Pipeline.php(219): Illuminate\\Http\\Middleware\\ValidatePathEncoding->handle(Object(Illuminate\\Http\\Request), Object(Closure))
#48 /var/www/html/vendor/laravel/framework/src/Illuminate/Pipeline/Pipeline.php(137): Illuminate\\Pipeline\\Pipeline->Illuminate\\Pipeline\\{closure}(Object(Illuminate\\Http\\Request))
#49 /var/www/html/vendor/laravel/framework/src/Illuminate/Foundation/Http/Kernel.php(175): Illuminate\\Pipeline\\Pipeline->then(Object(Closure))
#50 /var/www/html/vendor/laravel/framework/src/Illuminate/Foundation/Http/Kernel.php(144): Illuminate\\Foundation\\Http\\Kernel->sendRequestThroughRouter(Object(Illuminate\\Http\\Request))
#51 /var/www/html/vendor/laravel/framework/src/Illuminate/Foundation/Application.php(1220): Illuminate\\Foundation\\Http\\Kernel->handle(Object(Illuminate\\Http\\Request))
#52 /var/www/html/public/index.php(13): Illuminate\\Foundation\\Application->handleRequest(Object(Illuminate\\Http\\Request))
#53 {main}
"} 
[2026-09-18 15:45:56] local.ERROR: Database file at path [/var/www/html/database/database.sqlite] does not exist. Ensure this is an absolute path to the database. (Connection: sqlite, Database: /var/www/html/database/database.sqlite, SQL: select * from "sessions" where "id" = PVv7vrfwRPfjWvLvuzU9jnaNs6DbTZLOxDxqwCd5 limit 1) {"exception":"[object] (Illuminate\\Database\\QueryException(code: 0): Database file at path [/var/www/html/database/database.sqlite] does not exist. Ensure this is an absolute path to the database. (Connection: sqlite, Database: /var/www/html/database/database.sqlite, SQL: select * from \"sessions\" where \"id\" = PVv7vrfwRPfjWvLvuzU9jnaNs6DbTZLOxDxqwCd5 limit 1) at /var/www/html/vendor/laravel/framework/src/Illuminate/Database/Connection.php:838)
[stacktrace]
#0 /var/www/html/vendor/laravel/framework/src/Illuminate/Database/Connection.php(794): Illuminate\\Database\\Connection->runQueryCallback('select * from \"...', Array, Object(Closure))
#1 /var/www/html/vendor/laravel/framework/src/Illuminate/Database/Connection.php(411): Illuminate\\Database\\Connection->run('select * from \"...', Array, Object(Closure))
#2 /var/www/html/vendor/laravel/framework/src/Illuminate/Database/Query/Builder.php(3505): Illuminate\\Database\\Connection->select('select * from \"...', Array, false)
#3 /var/www/html/vendor/laravel/framework/src/Illuminate/Database/Query/Builder.php(3490): Illuminate\\Database\\Query\\Builder->runSelect()
#4 /var/www/html/vendor/laravel/framework/src/Illuminate/Database/Query/Builder.php(4080): Illuminate\\Database\\Query\\Builder->Illuminate\\Database\\Query\\{closure}()
#5 /var/www/html/vendor/laravel/framework/src/Illuminate/Database/Query/Builder.php(3489): Illuminate\\Database\\Query\\Builder->onceWithColumns(Array, Object(Closure))
#6 /var/www/html/vendor/laravel/framework/src/Illuminate/Database/Concerns/BuildsQueries.php(366): Illuminate\\Database\\Query\\Builder->get(Array)
#7 /var/www/html/vendor/laravel/framework/src/Illuminate/Database/Query/Builder.php(3412): Illuminate\\Database\\Query\\Builder->first(Array)
#8 /var/www/html/vendor/laravel/framework/src/Illuminate/Session/DatabaseSessionHandler.php(96): Illuminate\\Database\\Query\\Builder->find('PVv7vrfwRPfjWvL...')
#9 /var/www/html/vendor/laravel/framework/src/Illuminate/Session/Store.php(128): Illuminate\\Session\\DatabaseSessionHandler->read('PVv7vrfwRPfjWvL...')
#10 /var/www/html/vendor/laravel/framework/src/Illuminate/Session/Store.php(116): Illuminate\\Session\\Store->readFromHandler()
#11 /var/www/html/vendor/laravel/framework/src/Illuminate/Session/Store.php(100): Illuminate\\Session\\Store->loadSession()
#12 /var/www/html/vendor/laravel/framework/src/Illuminate/Session/Middleware/StartSession.php(146): Illuminate\\Session\\Store->start()
#13 /var/www/html/vendor/laravel/framework/src/Illuminate/Support/helpers.php(393): Illuminate\\Session\\Middleware\\StartSession->Illuminate\\Session\\Middleware\\{closure}(Object(Illuminate\\Session\\Store))
#14 /var/www/html/vendor/laravel/framework/src/Illuminate/Session/Middleware/StartSession.php(143): tap(Object(Illuminate\\Session\\Store), Object(Closure))
#15 /var/www/html/vendor/laravel/framework/src/Illuminate/Session/Middleware/StartSession.php(115): Illuminate\\Session\\Middleware\\StartSession->startSession(Object(Illuminate\\Http\\Request), Object(Illuminate\\Session\\Store))
#16 /var/www/html/vendor/laravel/framework/src/Illuminate/Session/Middleware/StartSession.php(63): Illuminate\\Session\\Middleware\\StartSession->handleStatefulRequest(Object(Illuminate\\Http\\Request), Object(Illuminate\\Session\\Store), Object(Closure))
#17 /var/www/html/vendor/laravel/framework/src/Illuminate/Pipeline/Pipeline.php(219): Illuminate\\Session\\Middleware\\StartSession->handle(Object(Illuminate\\Http\\Request), Object(Closure))
#18 /var/www/html/vendor/laravel/framework/src/Illuminate/Cookie/Middleware/AddQueuedCookiesToResponse.php(36): Illuminate\\Pipeline\\Pipeline->Illuminate\\Pipeline\\{closure}(Object(Illuminate\\Http\\Request))
#19 /var/www/html/vendor/laravel/framework/src/Illuminate/Pipeline/Pipeline.php(219): Illuminate\\Cookie\\Middleware\\AddQueuedCookiesToResponse->handle(Object(Illuminate\\Http\\Request), Object(Closure))
#20 /var/www/html/vendor/laravel/framework/src/Illuminate/Cookie/Middleware/EncryptCookies.php(74): Illuminate\\Pipeline\\Pipeline->Illuminate\\Pipeline\\{closure}(Object(Illuminate\\Http\\Request))
#21 /var/www/html/vendor/laravel/framework/src/Illuminate/Pipeline/Pipeline.php(219): Illuminate\\Cookie\\Middleware\\EncryptCookies->handle(Object(Illuminate\\Http\\Request), Object(Closure))
#22 /var/www/html/vendor/laravel/framework/src/Illuminate/Pipeline/Pipeline.php(137): Illuminate\\Pipeline\\Pipeline->Illuminate\\Pipeline\\{closure}(Object(Illuminate\\Http\\Request))
#23 /var/www/html/vendor/laravel/framework/src/Illuminate/Routing/Router.php(821): Illuminate\\Pipeline\\Pipeline->then(Object(Closure))
#24 /var/www/html/vendor/laravel/framework/src/Illuminate/Routing/Router.php(800): Illuminate\\Routing\\Router->runRouteWithinStack(Object(Illuminate\\Routing\\Route), Object(Illuminate\\Http\\Request))
#25 /var/www/html/vendor/laravel/framework/src/Illuminate/Routing/Router.php(764): Illuminate\\Routing\\Router->runRoute(Object(Illuminate\\Http\\Request), Object(Illuminate\\Routing\\Route))
#26 /var/www/html/vendor/laravel/framework/src/Illuminate/Routing/Router.php(753): Illuminate\\Routing\\Router->dispatchToRoute(Object(Illuminate\\Http\\Request))
#27 /var/www/html/vendor/laravel/framework/src/Illuminate/Foundation/Http/Kernel.php(200): Illuminate\\Routing\\Router->dispatch(Object(Illuminate\\Http\\Request))
#28 /var/www/html/vendor/laravel/framework/src/Illuminate/Pipeline/Pipeline.php(180): Illuminate\\Foundation\\Http\\Kernel->Illuminate\\Foundation\\Http\\{closure}(Object(Illuminate\\Http\\Request))
#29 /var/www/html/vendor/laravel/framework/src/Illuminate/Foundation/Http/Middleware/TransformsRequest.php(21): Illuminate\\Pipeline\\Pipeline->Illuminate\\Pipeline\\{closure}(Object(Illuminate\\Http\\Request))
#30 /var/www/html/vendor/laravel/framework/src/Illuminate/Foundation/Http/Middleware/ConvertEmptyStringsToNull.php(31): Illuminate\\Foundation\\Http\\Middleware\\TransformsRequest->handle(Object(Illuminate\\Http\\Request), Object(Closure))
#31 /var/www/html/vendor/laravel/framework/src/Illuminate/Pipeline/Pipeline.php(219): Illuminate\\Foundation\\Http\\Middleware\\ConvertEmptyStringsToNull->handle(Object(Illuminate\\Http\\Request), Object(Closure))
#32 /var/www/html/vendor/laravel/framework/src/Illuminate/Foundation/Http/Middleware/TransformsRequest.php(21): Illuminate\\Pipeline\\Pipeline->Illuminate\\Pipeline\\{closure}(Object(Illuminate\\Http\\Request))
#33 /var/www/html/vendor/laravel/framework/src/Illuminate/Foundation/Http/Middleware/TrimStrings.php(51): Illuminate\\Foundation\\Http\\Middleware\\TransformsRequest->handle(Object(Illuminate\\Http\\Request), Object(Closure))
#34 /var/www/html/vendor/laravel/framework/src/Illuminate/Pipeline/Pipeline.php(219): Illuminate\\Foundation\\Http\\Middleware\\TrimStrings->handle(Object(Illuminate\\Http\\Request), Object(Closure))
#35 /var/www/html/vendor/laravel/framework/src/Illuminate/Http/Middleware/ValidatePostSize.php(27): Illuminate\\Pipeline\\Pipeline->Illuminate\\Pipeline\\{closure}(Object(Illuminate\\Http\\Request))
#36 /var/www/html/vendor/laravel/framework/src/Illuminate/Pipeline/Pipeline.php(219): Illuminate\\Http\\Middleware\\ValidatePostSize->handle(Object(Illuminate\\Http\\Request), Object(Closure))
#37 /var/www/html/vendor/laravel/framework/src/Illuminate/Foundation/Http/Middleware/PreventRequestsDuringMaintenance.php(109): Illuminate\\Pipeline\\Pipeline->Illuminate\\Pipeline\\{closure}(Object(Illuminate\\Http\\Request))
#38 /var/www/html/vendor/laravel/framework/src/Illuminate/Pipeline/Pipeline.php(219): Illuminate\\Foundation\\Http\\Middleware\\PreventRequestsDuringMaintenance->handle(Object(Illuminate\\Http\\Request), Object(Closure))
#39 /var/www/html/vendor/laravel/framework/src/Illuminate/Http/Middleware/HandleCors.php(61): Illuminate\\Pipeline\\Pipeline->Illuminate\\Pipeline\\{closure}(Object(Illuminate\\Http\\Request))
#40 /var/www/html/vendor/laravel/framework/src/Illuminate/Pipeline/Pipeline.php(219): Illuminate\\Http\\Middleware\\HandleCors->handle(Object(Illuminate\\Http\\Request), Object(Closure))
#41 /var/www/html/vendor/laravel/framework/src/Illuminate/Http/Middleware/TrustProxies.php(58): Illuminate\\Pipeline\\Pipeline->Illuminate\\Pipeline\\{closure}(Object(Illuminate\\Http\\Request))
#42 /var/www/html/vendor/laravel/framework/src/Illuminate/Pipeline/Pipeline.php(219): Illuminate\\Http\\Middleware\\TrustProxies->handle(Object(Illuminate\\Http\\Request), Object(Closure))
#43 /var/www/html/vendor/laravel/framework/src/Illuminate/Foundation/Http/Middleware/InvokeDeferredCallbacks.php(22): Illuminate\\Pipeline\\Pipeline->Illuminate\\Pipeline\\{closure}(Object(Illuminate\\Http\\Request))
#44 /var/www/html/vendor/laravel/framework/src/Illuminate/Pipeline/Pipeline.php(219): Illuminate\\Foundation\\Http\\Middleware\\InvokeDeferredCallbacks->handle(Object(Illuminate\\Http\\Request), Object(Closure))
#45 /var/www/html/vendor/laravel/framework/src/Illuminate/Http/Middleware/ValidatePathEncoding.php(26): Illuminate\\Pipeline\\Pipeline->Illuminate\\Pipeline\\{closure}(Object(Illuminate\\Http\\Request))
#46 /var/www/html/vendor/laravel/framework/src/Illuminate/Pipeline/Pipeline.php(219): Illuminate\\Http\\Middleware\\ValidatePathEncoding->handle(Object(Illuminate\\Http\\Request), Object(Closure))
#47 /var/www/html/vendor/laravel/framework/src/Illuminate/Pipeline/Pipeline.php(137): Illuminate\\Pipeline\\Pipeline->Illuminate\\Pipeline\\{closure}(Object(Illuminate\\Http\\Request))
#48 /var/www/html/vendor/laravel/framework/src/Illuminate/Foundation/Http/Kernel.php(175): Illuminate\\Pipeline\\Pipeline->then(Object(Closure))
#49 /var/www/html/vendor/laravel/framework/src/Illuminate/Foundation/Http/Kernel.php(144): Illuminate\\Foundation\\Http\\Kernel->sendRequestThroughRouter(Object(Illuminate\\Http\\Request))
#50 /var/www/html/vendor/laravel/framework/src/Illuminate/Foundation/Application.php(1220): Illuminate\\Foundation\\Http\\Kernel->handle(Object(Illuminate\\Http\\Request))
#51 /var/www/html/public/index.php(13): Illuminate\\Foundation\\Application->handleRequest(Object(Illuminate\\Http\\Request))
#52 {main}

[previous exception] [object] (Illuminate\\Database\\SQLiteDatabaseDoesNotExistException(code: 0): Database file at path [/var/www/html/database/database.sqlite] does not exist. Ensure this is an absolute path to the database. at /var/www/html/vendor/laravel/framework/src/Illuminate/Database/Connectors/SQLiteConnector.php:60)
[stacktrace]
#0 /var/www/html/vendor/laravel/framework/src/Illuminate/Database/Connectors/SQLiteConnector.php(19): Illuminate\\Database\\Connectors\\SQLiteConnector->parseDatabasePath(false)
#1 /var/www/html/vendor/laravel/framework/src/Illuminate/Database/Connectors/ConnectionFactory.php(225): Illuminate\\Database\\Connectors\\SQLiteConnector->connect(Array)
#2 [internal function]: Illuminate\\Database\\Connectors\\ConnectionFactory->Illuminate\\Database\\Connectors\\{closure}()
#3 /var/www/html/vendor/laravel/framework/src/Illuminate/Database/Connection.php(1257): call_user_func(Object(Closure))
#4 /var/www/html/vendor/laravel/framework/src/Illuminate/Database/Connection.php(525): Illuminate\\Database\\Connection->getPdo()
#5 /var/www/html/vendor/laravel/framework/src/Illuminate/Database/Connection.php(420): Illuminate\\Database\\Connection->getPdoForSelect(false)
#6 /var/www/html/vendor/laravel/framework/src/Illuminate/Database/Connection.php(827): Illuminate\\Database\\Connection->Illuminate\\Database\\{closure}('select * from \"...', Array)
#7 /var/www/html/vendor/laravel/framework/src/Illuminate/Database/Connection.php(794): Illuminate\\Database\\Connection->runQueryCallback('select * from \"...', Array, Object(Closure))
#8 /var/www/html/vendor/laravel/framework/src/Illuminate/Database/Connection.php(411): Illuminate\\Database\\Connection->run('select * from \"...', Array, Object(Closure))
#9 /var/www/html/vendor/laravel/framework/src/Illuminate/Database/Query/Builder.php(3505): Illuminate\\Database\\Connection->select('select * from \"...', Array, false)
#10 /var/www/html/vendor/laravel/framework/src/Illuminate/Database/Query/Builder.php(3490): Illuminate\\Database\\Query\\Builder->runSelect()
#11 /var/www/html/vendor/laravel/framework/src/Illuminate/Database/Query/Builder.php(4080): Illuminate\\Database\\Query\\Builder->Illuminate\\Database\\Query\\{closure}()
#12 /var/www/html/vendor/laravel/framework/src/Illuminate/Database/Query/Builder.php(3489): Illuminate\\Database\\Query\\Builder->onceWithColumns(Array, Object(Closure))
#13 /var/www/html/vendor/laravel/framework/src/Illuminate/Database/Concerns/BuildsQueries.php(366): Illuminate\\Database\\Query\\Builder->get(Array)
#14 /var/www/html/vendor/laravel/framework/src/Illuminate/Database/Query/Builder.php(3412): Illuminate\\Database\\Query\\Builder->first(Array)
#15 /var/www/html/vendor/laravel/framework/src/Illuminate/Session/DatabaseSessionHandler.php(96): Illuminate\\Database\\Query\\Builder->find('PVv7vrfwRPfjWvL...')
#16 /var/www/html/vendor/laravel/framework/src/Illuminate/Session/Store.php(128): Illuminate\\Session\\DatabaseSessionHandler->read('PVv7vrfwRPfjWvL...')
#17 /var/www/html/vendor/laravel/framework/src/Illuminate/Session/Store.php(116): Illuminate\\Session\\Store->readFromHandler()
#18 /var/www/html/vendor/laravel/framework/src/Illuminate/Session/Store.php(100): Illuminate\\Session\\Store->loadSession()
#19 /var/www/html/vendor/laravel/framework/src/Illuminate/Session/Middleware/StartSession.php(146): Illuminate\\Session\\Store->start()
#20 /var/www/html/vendor/laravel/framework/src/Illuminate/Support/helpers.php(393): Illuminate\\Session\\Middleware\\StartSession->Illuminate\\Session\\Middleware\\{closure}(Object(Illuminate\\Session\\Store))
#21 /var/www/html/vendor/laravel/framework/src/Illuminate/Session/Middleware/StartSession.php(143): tap(Object(Illuminate\\Session\\Store), Object(Closure))
#22 /var/www/html/vendor/laravel/framework/src/Illuminate/Session/Middleware/StartSession.php(115): Illuminate\\Session\\Middleware\\StartSession->startSession(Object(Illuminate\\Http\\Request), Object(Illuminate\\Session\\Store))
#23 /var/www/html/vendor/laravel/framework/src/Illuminate/Session/Middleware/StartSession.php(63): Illuminate\\Session\\Middleware\\StartSession->handleStatefulRequest(Object(Illuminate\\Http\\Request), Object(Illuminate\\Session\\Store), Object(Closure))
#24 /var/www/html/vendor/laravel/framework/src/Illuminate/Pipeline/Pipeline.php(219): Illuminate\\Session\\Middleware\\StartSession->handle(Object(Illuminate\\Http\\Request), Object(Closure))
#25 /var/www/html/vendor/laravel/framework/src/Illuminate/Cookie/Middleware/AddQueuedCookiesToResponse.php(36): Illuminate\\Pipeline\\Pipeline->Illuminate\\Pipeline\\{closure}(Object(Illuminate\\Http\\Request))
#26 /var/www/html/vendor/laravel/framework/src/Illuminate/Pipeline/Pipeline.php(219): Illuminate\\Cookie\\Middleware\\AddQueuedCookiesToResponse->handle(Object(Illuminate\\Http\\Request), Object(Closure))
#27 /var/www/html/vendor/laravel/framework/src/Illuminate/Cookie/Middleware/EncryptCookies.php(74): Illuminate\\Pipeline\\Pipeline->Illuminate\\Pipeline\\{closure}(Object(Illuminate\\Http\\Request))
#28 /var/www/html/vendor/laravel/framework/src/Illuminate/Pipeline/Pipeline.php(219): Illuminate\\Cookie\\Middleware\\EncryptCookies->handle(Object(Illuminate\\Http\\Request), Object(Closure))
#29 /var/www/html/vendor/laravel/framework/src/Illuminate/Pipeline/Pipeline.php(137): Illuminate\\Pipeline\\Pipeline->Illuminate\\Pipeline\\{closure}(Object(Illuminate\\Http\\Request))
#30 /var/www/html/vendor/laravel/framework/src/Illuminate/Routing/Router.php(821): Illuminate\\Pipeline\\Pipeline->then(Object(Closure))
#31 /var/www/html/vendor/laravel/framework/src/Illuminate/Routing/Router.php(800): Illuminate\\Routing\\Router->runRouteWithinStack(Object(Illuminate\\Routing\\Route), Object(Illuminate\\Http\\Request))
#32 /var/www/html/vendor/laravel/framework/src/Illuminate/Routing/Router.php(764): Illuminate\\Routing\\Router->runRoute(Object(Illuminate\\Http\\Request), Object(Illuminate\\Routing\\Route))
#33 /var/www/html/vendor/laravel/framework/src/Illuminate/Routing/Router.php(753): Illuminate\\Routing\\Router->dispatchToRoute(Object(Illuminate\\Http\\Request))
#34 /var/www/html/vendor/laravel/framework/src/Illuminate/Foundation/Http/Kernel.php(200): Illuminate\\Routing\\Router->dispatch(Object(Illuminate\\Http\\Request))
#35 /var/www/html/vendor/laravel/framework/src/Illuminate/Pipeline/Pipeline.php(180): Illuminate\\Foundation\\Http\\Kernel->Illuminate\\Foundation\\Http\\{closure}(Object(Illuminate\\Http\\Request))
#36 /var/www/html/vendor/laravel/framework/src/Illuminate/Foundation/Http/Middleware/TransformsRequest.php(21): Illuminate\\Pipeline\\Pipeline->Illuminate\\Pipeline\\{closure}(Object(Illuminate\\Http\\Request))
#37 /var/www/html/vendor/laravel/framework/src/Illuminate/Foundation/Http/Middleware/ConvertEmptyStringsToNull.php(31): Illuminate\\Foundation\\Http\\Middleware\\TransformsRequest->handle(Object(Illuminate\\Http\\Request), Object(Closure))
#38 /var/www/html/vendor/laravel/framework/src/Illuminate/Pipeline/Pipeline.php(219): Illuminate\\Foundation\\Http\\Middleware\\ConvertEmptyStringsToNull->handle(Object(Illuminate\\Http\\Request), Object(Closure))
#39 /var/www/html/vendor/laravel/framework/src/Illuminate/Foundation/Http/Middleware/TransformsRequest.php(21): Illuminate\\Pipeline\\Pipeline->Illuminate\\Pipeline\\{closure}(Object(Illuminate\\Http\\Request))
#40 /var/www/html/vendor/laravel/framework/src/Illuminate/Foundation/Http/Middleware/TrimStrings.php(51): Illuminate\\Foundation\\Http\\Middleware\\TransformsRequest->handle(Object(Illuminate\\Http\\Request), Object(Closure))
#41 /var/www/html/vendor/laravel/framework/src/Illuminate/Pipeline/Pipeline.php(219): Illuminate\\Foundation\\Http\\Middleware\\TrimStrings->handle(Object(Illuminate\\Http\\Request), Object(Closure))
#42 /var/www/html/vendor/laravel/framework/src/Illuminate/Http/Middleware/ValidatePostSize.php(27): Illuminate\\Pipeline\\Pipeline->Illuminate\\Pipeline\\{closure}(Object(Illuminate\\Http\\Request))
#43 /var/www/html/vendor/laravel/framework/src/Illuminate/Pipeline/Pipeline.php(219): Illuminate\\Http\\Middleware\\ValidatePostSize->handle(Object(Illuminate\\Http\\Request), Object(Closure))
#44 /var/www/html/vendor/laravel/framework/src/Illuminate/Foundation/Http/Middleware/PreventRequestsDuringMaintenance.php(109): Illuminate\\Pipeline\\Pipeline->Illuminate\\Pipeline\\{closure}(Object(Illuminate\\Http\\Request))
#45 /var/www/html/vendor/laravel/framework/src/Illuminate/Pipeline/Pipeline.php(219): Illuminate\\Foundation\\Http\\Middleware\\PreventRequestsDuringMaintenance->handle(Object(Illuminate\\Http\\Request), Object(Closure))
#46 /var/www/html/vendor/laravel/framework/src/Illuminate/Http/Middleware/HandleCors.php(61): Illuminate\\Pipeline\\Pipeline->Illuminate\\Pipeline\\{closure}(Object(Illuminate\\Http\\Request))
#47 /var/www/html/vendor/laravel/framework/src/Illuminate/Pipeline/Pipeline.php(219): Illuminate\\Http\\Middleware\\HandleCors->handle(Object(Illuminate\\Http\\Request), Object(Closure))
#48 /var/www/html/vendor/laravel/framework/src/Illuminate/Http/Middleware/TrustProxies.php(58): Illuminate\\Pipeline\\Pipeline->Illuminate\\Pipeline\\{closure}(Object(Illuminate\\Http\\Request))
#49 /var/www/html/vendor/laravel/framework/src/Illuminate/Pipeline/Pipeline.php(219): Illuminate\\Http\\Middleware\\TrustProxies->handle(Object(Illuminate\\Http\\Request), Object(Closure))
#50 /var/www/html/vendor/laravel/framework/src/Illuminate/Foundation/Http/Middleware/InvokeDeferredCallbacks.php(22): Illuminate\\Pipeline\\Pipeline->Illuminate\\Pipeline\\{closure}(Object(Illuminate\\Http\\Request))
#51 /var/www/html/vendor/laravel/framework/src/Illuminate/Pipeline/Pipeline.php(219): Illuminate\\Foundation\\Http\\Middleware\\InvokeDeferredCallbacks->handle(Object(Illuminate\\Http\\Request), Object(Closure))
#52 /var/www/html/vendor/laravel/framework/src/Illuminate/Http/Middleware/ValidatePathEncoding.php(26): Illuminate\\Pipeline\\Pipeline->Illuminate\\Pipeline\\{closure}(Object(Illuminate\\Http\\Request))
#53 /var/www/html/vendor/laravel/framework/src/Illuminate/Pipeline/Pipeline.php(219): Illuminate\\Http\\Middleware\\ValidatePathEncoding->handle(Object(Illuminate\\Http\\Request), Object(Closure))
#54 /var/www/html/vendor/laravel/framework/src/Illuminate/Pipeline/Pipeline.php(137): Illuminate\\Pipeline\\Pipeline->Illuminate\\Pipeline\\{closure}(Object(Illuminate\\Http\\Request))
#55 /var/www/html/vendor/laravel/framework/src/Illuminate/Foundation/Http/Kernel.php(175): Illuminate\\Pipeline\\Pipeline->then(Object(Closure))
#56 /var/www/html/vendor/laravel/framework/src/Illuminate/Foundation/Http/Kernel.php(144): Illuminate\\Foundation\\Http\\Kernel->sendRequestThroughRouter(Object(Illuminate\\Http\\Request))
#57 /var/www/html/vendor/laravel/framework/src/Illuminate/Foundation/Application.php(1220): Illuminate\\Foundation\\Http\\Kernel->handle(Object(Illuminate\\Http\\Request))
#58 /var/www/html/public/index.php(13): Illuminate\\Foundation\\Application->handleRequest(Object(Illuminate\\Http\\Request))
#59 {main}
"} 
[2026-09-18 16:59:42] local.ERROR: Target class [DatabaseSeeder] does not exist. {"exception":"[object] (Illuminate\\Contracts\\Container\\BindingResolutionException(code: 0): Target class [DatabaseSeeder] does not exist. at /var/www/html/vendor/laravel/framework/src/Illuminate/Container/Container.php:1124)
[stacktrace]
#0 /var/www/html/vendor/laravel/framework/src/Illuminate/Container/Container.php(933): Illuminate\\Container\\Container->build('DatabaseSeeder')
#1 /var/www/html/vendor/laravel/framework/src/Illuminate/Foundation/Application.php(1078): Illuminate\\Container\\Container->resolve('DatabaseSeeder', Array, true)
#2 /var/www/html/vendor/laravel/framework/src/Illuminate/Container/Container.php(864): Illuminate\\Foundation\\Application->resolve('DatabaseSeeder', Array)
#3 /var/www/html/vendor/laravel/framework/src/Illuminate/Foundation/Application.php(1058): Illuminate\\Container\\Container->make('DatabaseSeeder', Array)
#4 /var/www/html/vendor/laravel/framework/src/Illuminate/Database/Console/Seeds/SeedCommand.php(99): Illuminate\\Foundation\\Application->make('DatabaseSeeder')
#5 /var/www/html/vendor/laravel/framework/src/Illuminate/Database/Console/Seeds/SeedCommand.php(71): Illuminate\\Database\\Console\\Seeds\\SeedCommand->getSeeder()
#6 /var/www/html/vendor/laravel/framework/src/Illuminate/Database/Eloquent/Concerns/GuardsAttributes.php(157): Illuminate\\Database\\Console\\Seeds\\SeedCommand->Illuminate\\Database\\Console\\Seeds\\{closure}()
#7 /var/www/html/vendor/laravel/framework/src/Illuminate/Database/Console/Seeds/SeedCommand.php(70): Illuminate\\Database\\Eloquent\\Model::unguarded(Object(Closure))
#8 /var/www/html/vendor/laravel/framework/src/Illuminate/Container/BoundMethod.php(36): Illuminate\\Database\\Console\\Seeds\\SeedCommand->handle()
#9 /var/www/html/vendor/laravel/framework/src/Illuminate/Container/Util.php(43): Illuminate\\Container\\BoundMethod::Illuminate\\Container\\{closure}()
#10 /var/www/html/vendor/laravel/framework/src/Illuminate/Container/BoundMethod.php(96): Illuminate\\Container\\Util::unwrapIfClosure(Object(Closure))
#11 /var/www/html/vendor/laravel/framework/src/Illuminate/Container/BoundMethod.php(35): Illuminate\\Container\\BoundMethod::callBoundMethod(Object(Illuminate\\Foundation\\Application), Array, Object(Closure))
#12 /var/www/html/vendor/laravel/framework/src/Illuminate/Container/Container.php(799): Illuminate\\Container\\BoundMethod::call(Object(Illuminate\\Foundation\\Application), Array, Array, NULL)
#13 /var/www/html/vendor/laravel/framework/src/Illuminate/Console/Command.php(211): Illuminate\\Container\\Container->call(Array)
#14 /var/www/html/vendor/symfony/console/Command/Command.php(341): Illuminate\\Console\\Command->execute(Object(Symfony\\Component\\Console\\Input\\ArgvInput), Object(Illuminate\\Console\\OutputStyle))
#15 /var/www/html/vendor/laravel/framework/src/Illuminate/Console/Command.php(180): Symfony\\Component\\Console\\Command\\Command->run(Object(Symfony\\Component\\Console\\Input\\ArgvInput), Object(Illuminate\\Console\\OutputStyle))
#16 /var/www/html/vendor/symfony/console/Application.php(1117): Illuminate\\Console\\Command->run(Object(Symfony\\Component\\Console\\Input\\ArgvInput), Object(Symfony\\Component\\Console\\Output\\ConsoleOutput))
#17 /var/www/html/vendor/symfony/console/Application.php(356): Symfony\\Component\\Console\\Application->doRunCommand(Object(Illuminate\\Database\\Console\\Seeds\\SeedCommand), Object(Symfony\\Component\\Console\\Input\\ArgvInput), Object(Symfony\\Component\\Console\\Output\\ConsoleOutput))
#18 /var/www/html/vendor/symfony/console/Application.php(195): Symfony\\Component\\Console\\Application->doRun(Object(Symfony\\Component\\Console\\Input\\ArgvInput), Object(Symfony\\Component\\Console\\Output\\ConsoleOutput))
#19 /var/www/html/vendor/laravel/framework/src/Illuminate/Foundation/Console/Kernel.php(198): Symfony\\Component\\Console\\Application->run(Object(Symfony\\Component\\Console\\Input\\ArgvInput), Object(Symfony\\Component\\Console\\Output\\ConsoleOutput))
#20 /var/www/html/vendor/laravel/framework/src/Illuminate/Foundation/Application.php(1235): Illuminate\\Foundation\\Console\\Kernel->handle(Object(Symfony\\Component\\Console\\Input\\ArgvInput), Object(Symfony\\Component\\Console\\Output\\ConsoleOutput))
#21 /var/www/html/artisan(13): Illuminate\\Foundation\\Application->handleCommand(Object(Symfony\\Component\\Console\\Input\\ArgvInput))
#22 {main}

[previous exception] [object] (ReflectionException(code: -1): Class \"DatabaseSeeder\" does not exist at /var/www/html/vendor/laravel/framework/src/Illuminate/Container/Container.php:1122)
[stacktrace]
#0 /var/www/html/vendor/laravel/framework/src/Illuminate/Container/Container.php(1122): ReflectionClass->__construct('DatabaseSeeder')
#1 /var/www/html/vendor/laravel/framework/src/Illuminate/Container/Container.php(933): Illuminate\\Container\\Container->build('DatabaseSeeder')
#2 /var/www/html/vendor/laravel/framework/src/Illuminate/Foundation/Application.php(1078): Illuminate\\Container\\Container->resolve('DatabaseSeeder', Array, true)
#3 /var/www/html/vendor/laravel/framework/src/Illuminate/Container/Container.php(864): Illuminate\\Foundation\\Application->resolve('DatabaseSeeder', Array)
#4 /var/www/html/vendor/laravel/framework/src/Illuminate/Foundation/Application.php(1058): Illuminate\\Container\\Container->make('DatabaseSeeder', Array)
#5 /var/www/html/vendor/laravel/framework/src/Illuminate/Database/Console/Seeds/SeedCommand.php(99): Illuminate\\Foundation\\Application->make('DatabaseSeeder')
#6 /var/www/html/vendor/laravel/framework/src/Illuminate/Database/Console/Seeds/SeedCommand.php(71): Illuminate\\Database\\Console\\Seeds\\SeedCommand->getSeeder()
#7 /var/www/html/vendor/laravel/framework/src/Illuminate/Database/Eloquent/Concerns/GuardsAttributes.php(157): Illuminate\\Database\\Console\\Seeds\\SeedCommand->Illuminate\\Database\\Console\\Seeds\\{closure}()
#8 /var/www/html/vendor/laravel/framework/src/Illuminate/Database/Console/Seeds/SeedCommand.php(70): Illuminate\\Database\\Eloquent\\Model::unguarded(Object(Closure))
#9 /var/www/html/vendor/laravel/framework/src/Illuminate/Container/BoundMethod.php(36): Illuminate\\Database\\Console\\Seeds\\SeedCommand->handle()
#10 /var/www/html/vendor/laravel/framework/src/Illuminate/Container/Util.php(43): Illuminate\\Container\\BoundMethod::Illuminate\\Container\\{closure}()
#11 /var/www/html/vendor/laravel/framework/src/Illuminate/Container/BoundMethod.php(96): Illuminate\\Container\\Util::unwrapIfClosure(Object(Closure))
#12 /var/www/html/vendor/laravel/framework/src/Illuminate/Container/BoundMethod.php(35): Illuminate\\Container\\BoundMethod::callBoundMethod(Object(Illuminate\\Foundation\\Application), Array, Object(Closure))
#13 /var/www/html/vendor/laravel/framework/src/Illuminate/Container/Container.php(799): Illuminate\\Container\\BoundMethod::call(Object(Illuminate\\Foundation\\Application), Array, Array, NULL)
#14 /var/www/html/vendor/laravel/framework/src/Illuminate/Console/Command.php(211): Illuminate\\Container\\Container->call(Array)
#15 /var/www/html/vendor/symfony/console/Command/Command.php(341): Illuminate\\Console\\Command->execute(Object(Symfony\\Component\\Console\\Input\\ArgvInput), Object(Illuminate\\Console\\OutputStyle))
#16 /var/www/html/vendor/laravel/framework/src/Illuminate/Console/Command.php(180): Symfony\\Component\\Console\\Command\\Command->run(Object(Symfony\\Component\\Console\\Input\\ArgvInput), Object(Illuminate\\Console\\OutputStyle))
#17 /var/www/html/vendor/symfony/console/Application.php(1117): Illuminate\\Console\\Command->run(Object(Symfony\\Component\\Console\\Input\\ArgvInput), Object(Symfony\\Component\\Console\\Output\\ConsoleOutput))
#18 /var/www/html/vendor/symfony/console/Application.php(356): Symfony\\Component\\Console\\Application->doRunCommand(Object(Illuminate\\Database\\Console\\Seeds\\SeedCommand), Object(Symfony\\Component\\Console\\Input\\ArgvInput), Object(Symfony\\Component\\Console\\Output\\ConsoleOutput))
#19 /var/www/html/vendor/symfony/console/Application.php(195): Symfony\\Component\\Console\\Application->doRun(Object(Symfony\\Component\\Console\\Input\\ArgvInput), Object(Symfony\\Component\\Console\\Output\\ConsoleOutput))
#20 /var/www/html/vendor/laravel/framework/src/Illuminate/Foundation/Console/Kernel.php(198): Symfony\\Component\\Console\\Application->run(Object(Symfony\\Component\\Console\\Input\\ArgvInput), Object(Symfony\\Component\\Console\\Output\\ConsoleOutput))
#21 /var/www/html/vendor/laravel/framework/src/Illuminate/Foundation/Application.php(1235): Illuminate\\Foundation\\Console\\Kernel->handle(Object(Symfony\\Component\\Console\\Input\\ArgvInput), Object(Symfony\\Component\\Console\\Output\\ConsoleOutput))
#22 /var/www/html/artisan(13): Illuminate\\Foundation\\Application->handleCommand(Object(Symfony\\Component\\Console\\Input\\ArgvInput))
#23 {main}
"} 
[2026-09-18 17:00:42] local.ERROR: Command "tinker" is not defined. {"exception":"[object] (Symfony\\Component\\Console\\Exception\\CommandNotFoundException(code: 0): Command \"tinker\" is not defined. at /var/www/html/vendor/symfony/console/Application.php:759)
[stacktrace]
#0 /var/www/html/vendor/symfony/console/Application.php(298): Symfony\\Component\\Console\\Application->find('tinker')
#1 /var/www/html/vendor/symfony/console/Application.php(195): Symfony\\Component\\Console\\Application->doRun(Object(Symfony\\Component\\Console\\Input\\ArgvInput), Object(Symfony\\Component\\Console\\Output\\ConsoleOutput))
#2 /var/www/html/vendor/laravel/framework/src/Illuminate/Foundation/Console/Kernel.php(198): Symfony\\Component\\Console\\Application->run(Object(Symfony\\Component\\Console\\Input\\ArgvInput), Object(Symfony\\Component\\Console\\Output\\ConsoleOutput))
#3 /var/www/html/vendor/laravel/framework/src/Illuminate/Foundation/Application.php(1235): Illuminate\\Foundation\\Console\\Kernel->handle(Object(Symfony\\Component\\Console\\Input\\ArgvInput), Object(Symfony\\Component\\Console\\Output\\ConsoleOutput))
#4 /var/www/html/artisan(13): Illuminate\\Foundation\\Application->handleCommand(Object(Symfony\\Component\\Console\\Input\\ArgvInput))
#5 {main}
"} 
[2026-09-18 17:00:51] local.ERROR: The "intl" PHP extension is required to use the [format] method. {"exception":"[object] (RuntimeException(code: 0): The \"intl\" PHP extension is required to use the [format] method. at /var/www/html/vendor/laravel/framework/src/Illuminate/Support/Number.php:453)
[stacktrace]
#0 /var/www/html/vendor/laravel/framework/src/Illuminate/Support/Number.php(38): Illuminate\\Support\\Number::ensureIntlExtensionIsInstalled()
#1 /var/www/html/vendor/laravel/framework/src/Illuminate/Support/Number.php(216): Illuminate\\Support\\Number::format(8, 2, NULL)
#2 /var/www/html/vendor/laravel/framework/src/Illuminate/Database/Console/TableCommand.php(231): Illuminate\\Support\\Number::fileSize(8, 2)
#3 /var/www/html/vendor/laravel/framework/src/Illuminate/Database/Console/TableCommand.php(199): Illuminate\\Database\\Console\\TableCommand->displayForCli(Array)
#4 /var/www/html/vendor/laravel/framework/src/Illuminate/Database/Console/TableCommand.php(100): Illuminate\\Database\\Console\\TableCommand->display(Array)
#5 /var/www/html/vendor/laravel/framework/src/Illuminate/Container/BoundMethod.php(36): Illuminate\\Database\\Console\\TableCommand->handle(Object(Illuminate\\Database\\DatabaseManager))
#6 /var/www/html/vendor/laravel/framework/src/Illuminate/Container/Util.php(43): Illuminate\\Container\\BoundMethod::Illuminate\\Container\\{closure}()
#7 /var/www/html/vendor/laravel/framework/src/Illuminate/Container/BoundMethod.php(96): Illuminate\\Container\\Util::unwrapIfClosure(Object(Closure))
#8 /var/www/html/vendor/laravel/framework/src/Illuminate/Container/BoundMethod.php(35): Illuminate\\Container\\BoundMethod::callBoundMethod(Object(Illuminate\\Foundation\\Application), Array, Object(Closure))
#9 /var/www/html/vendor/laravel/framework/src/Illuminate/Container/Container.php(799): Illuminate\\Container\\BoundMethod::call(Object(Illuminate\\Foundation\\Application), Array, Array, NULL)
#10 /var/www/html/vendor/laravel/framework/src/Illuminate/Console/Command.php(211): Illuminate\\Container\\Container->call(Array)
#11 /var/www/html/vendor/symfony/console/Command/Command.php(341): Illuminate\\Console\\Command->execute(Object(Symfony\\Component\\Console\\Input\\ArgvInput), Object(Illuminate\\Console\\OutputStyle))
#12 /var/www/html/vendor/laravel/framework/src/Illuminate/Console/Command.php(180): Symfony\\Component\\Console\\Command\\Command->run(Object(Symfony\\Component\\Console\\Input\\ArgvInput), Object(Illuminate\\Console\\OutputStyle))
#13 /var/www/html/vendor/symfony/console/Application.php(1117): Illuminate\\Console\\Command->run(Object(Symfony\\Component\\Console\\Input\\ArgvInput), Object(Symfony\\Component\\Console\\Output\\ConsoleOutput))
#14 /var/www/html/vendor/symfony/console/Application.php(356): Symfony\\Component\\Console\\Application->doRunCommand(Object(Illuminate\\Database\\Console\\TableCommand), Object(Symfony\\Component\\Console\\Input\\ArgvInput), Object(Symfony\\Component\\Console\\Output\\ConsoleOutput))
#15 /var/www/html/vendor/symfony/console/Application.php(195): Symfony\\Component\\Console\\Application->doRun(Object(Symfony\\Component\\Console\\Input\\ArgvInput), Object(Symfony\\Component\\Console\\Output\\ConsoleOutput))
#16 /var/www/html/vendor/laravel/framework/src/Illuminate/Foundation/Console/Kernel.php(198): Symfony\\Component\\Console\\Application->run(Object(Symfony\\Component\\Console\\Input\\ArgvInput), Object(Symfony\\Component\\Console\\Output\\ConsoleOutput))
#17 /var/www/html/vendor/laravel/framework/src/Illuminate/Foundation/Application.php(1235): Illuminate\\Foundation\\Console\\Kernel->handle(Object(Symfony\\Component\\Console\\Input\\ArgvInput), Object(Symfony\\Component\\Console\\Output\\ConsoleOutput))
#18 /var/www/html/artisan(13): Illuminate\\Foundation\\Application->handleCommand(Object(Symfony\\Component\\Console\\Input\\ArgvInput))
#19 {main}
"} 
